# The unit of each TxPower value is 0.5dBm.
# 'x' means use efuse default value instead of from this table
# Channels in the table are treated as center channel.

<Ver:02>

[US,MX]
<cck,  c1, c2, c5, c11>
ch001, 30, 30, 30, 30
ch002, 30, 30, 30, 30
ch003, 34, 34, 34, 34
ch004, 34, 34, 34, 34
ch005, 34, 34, 34, 34
ch006, 34, 34, 34, 34
ch007, 34, 34, 34, 34
ch008, 34, 34, 34, 34
ch009, 34, 34, 34, 34
ch010, 33, 33, 33, 33
ch011, 33, 33, 33, 33
ch012, 23, 23, 23, 23
ch013, 12, 12, 12, 12
ch014, x, x, x, x
</cck>

<ofdm, o6, o9, o12, o18, o24, o36, o48, o54>
ch001, 28, 28, 28, 28, 28, 28, 28, 28
ch002, 28, 28, 28, 28, 28, 28, 28, 28
ch003, 31, 31, 31, 31, 31, 31, 31, 31
ch004, 31, 31, 31, 31, 31, 31, 31, 31
ch005, 31, 31, 31, 31, 31, 31, 31, 31
ch006, 31, 31, 31, 31, 31, 31, 31, 31
ch007, 31, 31, 31, 31, 31, 31, 31, 31
ch008, 31, 31, 31, 31, 31, 31, 31, 31
ch009, 31, 31, 31, 31, 31, 31, 31, 31
ch010, 26, 26, 26, 26, 26, 26, 26, 26
ch011, 26, 26, 26, 26, 26, 26, 26, 26
ch012, 20, 20, 20, 20, 20, 20, 20, 20
ch013, 8, 8, 8, 8, 8, 8, 8, 8
ch014, x, x, x, x, x, x, x, x
ch036, 29, 29, 29, 29, 29, 29, 29, 29
ch038, 29, 29, 29, 29, 29, 29, 29, 29
ch040, 29, 29, 29, 29, 29, 29, 29, 29
ch042, 29, 29, 29, 29, 29, 29, 29, 29
ch044, 29, 29, 29, 29, 29, 29, 29, 29
ch046, 29, 29, 29, 29, 29, 29, 29, 29
ch048, 29, 29, 29, 29, 29, 29, 29, 29
ch050, x, x, x, x, x, x, x, x
ch052, 28, 28, 28, 28, 28, 28, 28, 28
ch054, 28, 28, 28, 28, 28, 28, 28, 28
ch056, 28, 28, 28, 28, 28, 28, 28, 28
ch058, 28, 28, 28, 28, 28, 28, 28, 28
ch060, 29, 29, 29, 29, 29, 29, 29, 29
ch062, 29, 29, 29, 29, 29, 29, 29, 29
ch064, 29, 29, 29, 29, 29, 29, 29, 29
ch100, 28, 28, 28, 28, 28, 28, 28, 28
ch102, 28, 28, 28, 28, 28, 28, 28, 28
ch104, 28, 28, 28, 28, 28, 28, 28, 28
ch106, 28, 28, 28, 28, 28, 28, 28, 28
ch108, 28, 28, 28, 28, 28, 28, 28, 28
ch110, 28, 28, 28, 28, 28, 28, 28, 28
ch112, 29, 29, 29, 29, 29, 29, 29, 29
ch114, x, x, x, x, x, x, x, x
ch116, 29, 29, 29, 29, 29, 29, 29, 29
ch118, 29, 29, 29, 29, 29, 29, 29, 29
ch120, 29, 29, 29, 29, 29, 29, 29, 29
ch122, 29, 29, 29, 29, 29, 29, 29, 29
ch124, 29, 29, 29, 29, 29, 29, 29, 29
ch126, 29, 29, 29, 29, 29, 29, 29, 29
ch128, 29, 29, 29, 29, 29, 29, 29, 29
ch132, 28, 28, 28, 28, 28, 28, 28, 28
ch134, 28, 28, 28, 28, 28, 28, 28, 28
ch136, 28, 28, 28, 28, 28, 28, 28, 28
ch138, 28, 28, 28, 28, 28, 28, 28, 28
ch140, 28, 28, 28, 28, 28, 28, 28, 28
ch142, 29, 29, 29, 29, 29, 29, 29, 29
ch144, 29, 29, 29, 29, 29, 29, 29, 29
ch149, 33, 33, 33, 33, 33, 33, 33, 33
ch151, 33, 33, 33, 33, 33, 33, 33, 33
ch153, 33, 33, 33, 33, 33, 33, 33, 33
ch155, 33, 33, 33, 33, 33, 33, 33, 33
ch157, 33, 33, 33, 33, 33, 33, 33, 33
ch159, 33, 33, 33, 33, 33, 33, 33, 33
ch161, 33, 33, 33, 33, 33, 33, 33, 33
ch165, 33, 33, 33, 33, 33, 33, 33, 33
</ofdm>

<ht20, m0, m1, m2, m3, m4, m5, m6, m7>
ch001, 29, 29, 29, 29, 29, 29, 29, 29
ch002, 29, 29, 29, 29, 29, 29, 29, 29
ch003, 29, 29, 29, 29, 29, 29, 29, 29
ch004, 29, 29, 29, 29, 29, 29, 29, 29
ch005, 29, 29, 29, 29, 29, 29, 29, 29
ch006, 29, 29, 29, 29, 29, 29, 29, 29
ch007, 29, 29, 29, 29, 29, 29, 29, 29
ch008, 29, 29, 29, 29, 29, 29, 29, 29
ch009, 29, 29, 29, 29, 29, 29, 29, 29
ch010, 24, 24, 24, 24, 24, 24, 24, 24
ch011, 24, 24, 24, 24, 24, 24, 24, 24
ch012, 17, 17, 17, 17, 17, 17, 17, 17
ch013, 3, 3, 3, 3, 3, 3, 3, 3
ch014, x, x, x, x, x, x, x, x
ch036, 29, 29, 29, 29, 29, 29, 29, 29
ch038, 29, 29, 29, 29, 29, 29, 29, 29
ch040, 29, 29, 29, 29, 29, 29, 29, 29
ch042, 29, 29, 29, 29, 29, 29, 29, 29
ch044, 29, 29, 29, 29, 29, 29, 29, 29
ch046, 29, 29, 29, 29, 29, 29, 29, 29
ch048, 29, 29, 29, 29, 29, 29, 29, 29
ch050, x, x, x, x, x, x, x, x
ch052, 29, 29, 29, 29, 29, 29, 29, 29
ch054, 29, 29, 29, 29, 29, 29, 29, 29
ch056, 29, 29, 29, 29, 29, 29, 29, 29
ch058, 29, 29, 29, 29, 29, 29, 29, 29
ch060, 29, 29, 29, 29, 29, 29, 29, 29
ch062, 29, 29, 29, 29, 29, 29, 29, 29
ch064, 29, 29, 29, 29, 29, 29, 29, 29
ch100, 29, 29, 29, 29, 29, 29, 29, 29
ch102, 29, 29, 29, 29, 29, 29, 29, 29
ch104, 29, 29, 29, 29, 29, 29, 29, 29
ch106, 29, 29, 29, 29, 29, 29, 29, 29
ch108, 29, 29, 29, 29, 29, 29, 29, 29
ch110, 29, 29, 29, 29, 29, 29, 29, 29
ch112, 29, 29, 29, 29, 29, 29, 29, 29
ch114, x, x, x, x, x, x, x, x
ch116, 29, 29, 29, 29, 29, 29, 29, 29
ch118, 29, 29, 29, 29, 29, 29, 29, 29
ch120, 29, 29, 29, 29, 29, 29, 29, 29
ch122, 29, 29, 29, 29, 29, 29, 29, 29
ch124, 29, 29, 29, 29, 29, 29, 29, 29
ch126, 29, 29, 29, 29, 29, 29, 29, 29
ch128, 29, 29, 29, 29, 29, 29, 29, 29
ch132, 29, 29, 29, 29, 29, 29, 29, 29
ch134, 29, 29, 29, 29, 29, 29, 29, 29
ch136, 29, 29, 29, 29, 29, 29, 29, 29
ch138, 29, 29, 29, 29, 29, 29, 29, 29
ch140, 29, 29, 29, 29, 29, 29, 29, 29
ch142, 29, 29, 29, 29, 29, 29, 29, 29
ch144, 29, 29, 29, 29, 29, 29, 29, 29
ch149, 29, 29, 29, 29, 29, 29, 29, 29
ch151, 29, 29, 29, 29, 29, 29, 29, 29
ch153, 29, 29, 29, 29, 29, 29, 29, 29
ch155, 29, 29, 29, 29, 29, 29, 29, 29
ch157, 29, 29, 29, 29, 29, 29, 29, 29
ch159, 29, 29, 29, 29, 29, 29, 29, 29
ch161, 29, 29, 29, 29, 29, 29, 29, 29
ch165, 29, 29, 29, 29, 29, 29, 29, 29
</ht20>

<ht40, m0, m1, m2, m3, m4, m5, m6, m7> 
ch038, 28, 28, 28, 28, 28, 28, 28, 28
ch042, 28, 28, 28, 28, 28, 28, 28, 28
ch046, 29, 29, 29, 29, 29, 29, 29, 29
ch050, x, x, x, x, x, x, x, x
ch054, 29, 29, 29, 29, 29, 29, 29, 29
ch058, 27, 27, 27, 27, 27, 27, 27, 27
ch062, 27, 27, 27, 27, 27, 27, 27, 27
ch102, 29, 29, 29, 29, 29, 29, 29, 29
ch106, 29, 29, 29, 29, 29, 29, 29, 29
ch110, 29, 29, 29, 29, 29, 29, 29, 29
ch114, x, x, x, x, x, x, x, x
ch118, 29, 29, 29, 29, 29, 29, 29, 29
ch122, 29, 29, 29, 29, 29, 29, 29, 29
ch126, 29, 29, 29, 29, 29, 29, 29, 29
ch134, 29, 29, 29, 29, 29, 29, 29, 29
ch138, 29, 29, 29, 29, 29, 29, 29, 29
ch142, 29, 29, 29, 29, 29, 29, 29, 29
ch151, 29, 29, 29, 29, 29, 29, 29, 29
ch155, 29, 29, 29, 29, 29, 29, 29, 29
ch159, 29, 29, 29, 29, 29, 29, 29, 29
</ht40>

<vht20, m0, m1, m2, m3, m4, m5, m6, m7, m8, m9>
ch001, 29, 29, 29, 29, 29, 29, 29, 29, 29, 29
ch002, 29, 29, 29, 29, 29, 29, 29, 29, 29, 29
ch003, 29, 29, 29, 29, 29, 29, 29, 29, 29, 29
ch004, 29, 29, 29, 29, 29, 29, 29, 29, 29, 29
ch005, 29, 29, 29, 29, 29, 29, 29, 29, 29, 29
ch006, 29, 29, 29, 29, 29, 29, 29, 29, 29, 29
ch007, 29, 29, 29, 29, 29, 29, 29, 29, 29, 29
ch008, 29, 29, 29, 29, 29, 29, 29, 29, 29, 29
ch009, 29, 29, 29, 29, 29, 29, 29, 29, 29, 29
ch010, 24, 24, 24, 24, 24, 24, 24, 24, 24, 24
ch011, 24, 24, 24, 24, 24, 24, 24, 24, 24, 24
ch012, 17, 17, 17, 17, 17, 17, 17, 17, 17, 17
ch013, 3, 3, 3, 3, 3, 3, 3, 3, 3, 3
ch014, x, x, x, x, x, x, x, x, x, x
ch036, 29, 29, 29, 29, 29, 29, 29, 29, 29, 29
ch038, 29, 29, 29, 29, 29, 29, 29, 29, 29, 29
ch040, 29, 29, 29, 29, 29, 29, 29, 29, 29, 29
ch042, 29, 29, 29, 29, 29, 29, 29, 29, 29, 29
ch044, 29, 29, 29, 29, 29, 29, 29, 29, 29, 29
ch046, 29, 29, 29, 29, 29, 29, 29, 29, 29, 29
ch048, 29, 29, 29, 29, 29, 29, 29, 29, 29, 29
ch050, x, x, x, x, x, x, x, x, x, x
ch052, 29, 29, 29, 29, 29, 29, 29, 29, 29, 29
ch054, 29, 29, 29, 29, 29, 29, 29, 29, 29, 29
ch056, 29, 29, 29, 29, 29, 29, 29, 29, 29, 29
ch058, 29, 29, 29, 29, 29, 29, 29, 29, 29, 29
ch060, 29, 29, 29, 29, 29, 29, 29, 29, 29, 29
ch062, 29, 29, 29, 29, 29, 29, 29, 29, 29, 29
ch064, 29, 29, 29, 29, 29, 29, 29, 29, 29, 29
ch100, 29, 29, 29, 29, 29, 29, 29, 29, 29, 29
ch102, 29, 29, 29, 29, 29, 29, 29, 29, 29, 29
ch104, 29, 29, 29, 29, 29, 29, 29, 29, 29, 29
ch106, 29, 29, 29, 29, 29, 29, 29, 29, 29, 29
ch108, 29, 29, 29, 29, 29, 29, 29, 29, 29, 29
ch110, 29, 29, 29, 29, 29, 29, 29, 29, 29, 29
ch112, 29, 29, 29, 29, 29, 29, 29, 29, 29, 29
ch114, x, x, x, x, x, x, x, x, x, x
ch116, 29, 29, 29, 29, 29, 29, 29, 29, 29, 29
ch118, 29, 29, 29, 29, 29, 29, 29, 29, 29, 29
ch120, 29, 29, 29, 29, 29, 29, 29, 29, 29, 29
ch122, 29, 29, 29, 29, 29, 29, 29, 29, 29, 29
ch124, 29, 29, 29, 29, 29, 29, 29, 29, 29, 29
ch126, 29, 29, 29, 29, 29, 29, 29, 29, 29, 29
ch128, 29, 29, 29, 29, 29, 29, 29, 29, 29, 29
ch132, 29, 29, 29, 29, 29, 29, 29, 29, 29, 29
ch134, 29, 29, 29, 29, 29, 29, 29, 29, 29, 29
ch136, 29, 29, 29, 29, 29, 29, 29, 29, 29, 29
ch138, 29, 29, 29, 29, 29, 29, 29, 29, 29, 29
ch140, 29, 29, 29, 29, 29, 29, 29, 29, 29, 29
ch142, 29, 29, 29, 29, 29, 29, 29, 29, 29, 29
ch144, 29, 29, 29, 29, 29, 29, 29, 29, 29, 29
ch149, 29, 29, 29, 29, 29, 29, 29, 29, 29, 29
ch151, 29, 29, 29, 29, 29, 29, 29, 29, 29, 29
ch153, 29, 29, 29, 29, 29, 29, 29, 29, 29, 29
ch155, 29, 29, 29, 29, 29, 29, 29, 29, 29, 29
ch157, 29, 29, 29, 29, 29, 29, 29, 29, 29, 29
ch159, 29, 29, 29, 29, 29, 29, 29, 29, 29, 29
ch161, 29, 29, 29, 29, 29, 29, 29, 29, 29, 29
ch165, 29, 29, 29, 29, 29, 29, 29, 29, 29, 29
</vht20>

<vht40, m0, m1, m2, m3, m4, m5, m6, m7, m8, m9>
ch038, 29, 29, 29, 29, 29, 29, 29, 29, 29, 29
ch042, 29, 29, 29, 29, 29, 29, 29, 29, 29, 29
ch046, 29, 29, 29, 29, 29, 29, 29, 29, 29, 29
ch050, x, x, x, x, x, x, x, x, x, x
ch054, 29, 29, 29, 29, 29, 29, 29, 29, 29, 29
ch058, 27, 27, 27, 27, 27, 27, 27, 27, 27, 27
ch062, 27, 27, 27, 27, 27, 27, 27, 27, 27, 27
ch102, 29, 29, 29, 29, 29, 29, 29, 29, 29, 29
ch106, 29, 29, 29, 29, 29, 29, 29, 29, 29, 29
ch110, 29, 29, 29, 29, 29, 29, 29, 29, 29, 29
ch114, x, x, x, x, x, x, x, x, x, x
ch118, 29, 29, 29, 29, 29, 29, 29, 29, 29, 29
ch122, 29, 29, 29, 29, 29, 29, 29, 29, 29, 29
ch126, 29, 29, 29, 29, 29, 29, 29, 29, 29, 29
ch134, 29, 29, 29, 29, 29, 29, 29, 29, 29, 29
ch138, 29, 29, 29, 29, 29, 29, 29, 29, 29, 29
ch142, 29, 29, 29, 29, 29, 29, 29, 29, 29, 29
ch151, 29, 29, 29, 29, 29, 29, 29, 29, 29, 29
ch155, 29, 29, 29, 29, 29, 29, 29, 29, 29, 29
ch159, 29, 29, 29, 29, 29, 29, 29, 29, 29, 29
</vht40>

<vht80, m0, m1, m2, m3, m4, m5, m6, m7, m8, m9> 
ch042, 22, 22, 22, 22, 22, 22, 22, 22, 22, 22
ch050, x, x, x, x, x, x, x, x, x, x
ch058, 19, 19, 19, 19, 19, 19, 19, 19, 19, 19
ch106, 27, 27, 27, 27, 27, 27, 27, 27, 27, 27
ch114, x, x, x, x, x, x, x, x, x, x
ch122, 29, 29, 29, 29, 29, 29, 29, 29, 29, 29
ch138, 29, 29, 29, 29, 29, 29, 29, 29, 29, 29
ch155, 29, 29, 29, 29, 29, 29, 29, 29, 29, 29
</vht80>

<ru26, m0, m1, m2, m3, m4, m5, m6, m7, m8, m9, m10, m11>
ch001, 13, 13, 13, 13, 13, 13, 13, 13, 13, 13, 13, 13
ch002, 13, 13, 13, 13, 13, 13, 13, 13, 13, 13, 13, 13
ch003, 13, 13, 13, 13, 13, 13, 13, 13, 13, 13, 13, 13
ch004, 13, 13, 13, 13, 13, 13, 13, 13, 13, 13, 13, 13
ch005, 13, 13, 13, 13, 13, 13, 13, 13, 13, 13, 13, 13
ch006, 13, 13, 13, 13, 13, 13, 13, 13, 13, 13, 13, 13
ch007, 13, 13, 13, 13, 13, 13, 13, 13, 13, 13, 13, 13
ch008, 13, 13, 13, 13, 13, 13, 13, 13, 13, 13, 13, 13
ch009, 13, 13, 13, 13, 13, 13, 13, 13, 13, 13, 13, 13
ch010, 5, 5, 5, 5, 5, 5, 5, 5, 5, 5, 5, 5
ch011, 5, 5, 5, 5, 5, 5, 5, 5, 5, 5, 5, 5
ch012, 1, 1, 1, 1, 1, 1, 1, 1, 1, 1, 1, 1
ch013, -10, -10, -10, -10, -10, -10, -10, -10, -10, -10, -10, -10
ch014, x, x, x, x, x, x, x, x, x, x, x, x
ch036, 12, 12, 12, 12, 12, 12, 12, 12, 12, 12, 12, 12
ch038, 12, 12, 12, 12, 12, 12, 12, 12, 12, 12, 12, 12
ch040, 12, 12, 12, 12, 12, 12, 12, 12, 12, 12, 12, 12
ch042, 12, 12, 12, 12, 12, 12, 12, 12, 12, 12, 12, 12
ch044, 13, 13, 13, 13, 13, 13, 13, 13, 13, 13, 13, 13
ch046, 13, 13, 13, 13, 13, 13, 13, 13, 13, 13, 13, 13
ch048, 12, 12, 12, 12, 12, 12, 12, 12, 12, 12, 12, 12
ch050, x, x, x, x, x, x, x, x, x, x, x, x
ch052, 12, 12, 12, 12, 12, 12, 12, 12, 12, 12, 12, 12
ch054, 12, 12, 12, 12, 12, 12, 12, 12, 12, 12, 12, 12
ch056, 12, 12, 12, 12, 12, 12, 12, 12, 12, 12, 12, 12
ch058, 12, 12, 12, 12, 12, 12, 12, 12, 12, 12, 12, 12
ch060, 13, 13, 13, 13, 13, 13, 13, 13, 13, 13, 13, 13
ch062, 13, 13, 13, 13, 13, 13, 13, 13, 13, 13, 13, 13
ch064, 12, 12, 12, 12, 12, 12, 12, 12, 12, 12, 12, 12
ch100, 12, 12, 12, 12, 12, 12, 12, 12, 12, 12, 12, 12
ch102, 12, 12, 12, 12, 12, 12, 12, 12, 12, 12, 12, 12
ch104, 12, 12, 12, 12, 12, 12, 12, 12, 12, 12, 12, 12
ch106, 12, 12, 12, 12, 12, 12, 12, 12, 12, 12, 12, 12
ch108, 12, 12, 12, 12, 12, 12, 12, 12, 12, 12, 12, 12
ch110, 12, 12, 12, 12, 12, 12, 12, 12, 12, 12, 12, 12
ch112, 14, 14, 14, 14, 14, 14, 14, 14, 14, 14, 14, 14
ch114, x, x, x, x, x, x, x, x, x, x, x, x
ch116, 14, 14, 14, 14, 14, 14, 14, 14, 14, 14, 14, 14
ch118, 14, 14, 14, 14, 14, 14, 14, 14, 14, 14, 14, 14
ch120, 14, 14, 14, 14, 14, 14, 14, 14, 14, 14, 14, 14
ch122, 14, 14, 14, 14, 14, 14, 14, 14, 14, 14, 14, 14
ch124, 14, 14, 14, 14, 14, 14, 14, 14, 14, 14, 14, 14
ch126, 14, 14, 14, 14, 14, 14, 14, 14, 14, 14, 14, 14
ch128, 14, 14, 14, 14, 14, 14, 14, 14, 14, 14, 14, 14
ch132, 12, 12, 12, 12, 12, 12, 12, 12, 12, 12, 12, 12
ch134, 12, 12, 12, 12, 12, 12, 12, 12, 12, 12, 12, 12
ch136, 12, 12, 12, 12, 12, 12, 12, 12, 12, 12, 12, 12
ch138, 12, 12, 12, 12, 12, 12, 12, 12, 12, 12, 12, 12
ch140, 12, 12, 12, 12, 12, 12, 12, 12, 12, 12, 12, 12
ch142, 12, 12, 12, 12, 12, 12, 12, 12, 12, 12, 12, 12
ch144, 12, 12, 12, 12, 12, 12, 12, 12, 12, 12, 12, 12
ch149, 11, 11, 11, 11, 11, 11, 11, 11, 11, 11, 11, 11
ch151, 11, 11, 11, 11, 11, 11, 11, 11, 11, 11, 11, 11
ch153, 11, 11, 11, 11, 11, 11, 11, 11, 11, 11, 11, 11
ch155, 12, 12, 12, 12, 12, 12, 12, 12, 12, 12, 12, 12
ch157, 12, 12, 12, 12, 12, 12, 12, 12, 12, 12, 12, 12
ch159, 11, 11, 11, 11, 11, 11, 11, 11, 11, 11, 11, 11
ch161, 11, 11, 11, 11, 11, 11, 11, 11, 11, 11, 11, 11
ch165, 11, 11, 11, 11, 11, 11, 11, 11, 11, 11, 11, 11
</ru26>

<ru52, m0, m1, m2, m3, m4, m5, m6, m7, m8, m9, m10, m11>
ch001, 20, 20, 20, 20, 20, 20, 20, 20, 20, 20, 20, 20
ch002, 20, 20, 20, 20, 20, 20, 20, 20, 20, 20, 20, 20
ch003, 20, 20, 20, 20, 20, 20, 20, 20, 20, 20, 20, 20
ch004, 20, 20, 20, 20, 20, 20, 20, 20, 20, 20, 20, 20
ch005, 20, 20, 20, 20, 20, 20, 20, 20, 20, 20, 20, 20
ch006, 20, 20, 20, 20, 20, 20, 20, 20, 20, 20, 20, 20
ch007, 20, 20, 20, 20, 20, 20, 20, 20, 20, 20, 20, 20
ch008, 20, 20, 20, 20, 20, 20, 20, 20, 20, 20, 20, 20
ch009, 20, 20, 20, 20, 20, 20, 20, 20, 20, 20, 20, 20
ch010, 11, 11, 11, 11, 11, 11, 11, 11, 11, 11, 11, 11
ch011, 11, 11, 11, 11, 11, 11, 11, 11, 11, 11, 11, 11
ch012, 6, 6, 6, 6, 6, 6, 6, 6, 6, 6, 6, 6
ch013, -4, -4, -4, -4, -4, -4, -4, -4, -4, -4, -4, -4
ch014, x, x, x, x, x, x, x, x, x, x, x, x
ch036, 18, 18, 18, 18, 18, 18, 18, 18, 18, 18, 18, 18
ch038, 18, 18, 18, 18, 18, 18, 18, 18, 18, 18, 18, 18
ch040, 18, 18, 18, 18, 18, 18, 18, 18, 18, 18, 18, 18
ch042, 18, 18, 18, 18, 18, 18, 18, 18, 18, 18, 18, 18
ch044, 16, 16, 16, 16, 16, 16, 16, 16, 16, 16, 16, 16
ch046, 16, 16, 16, 16, 16, 16, 16, 16, 16, 16, 16, 16
ch048, 17, 17, 17, 17, 17, 17, 17, 17, 17, 17, 17, 17
ch050, x, x, x, x, x, x, x, x, x, x, x, x
ch052, 17, 17, 17, 17, 17, 17, 17, 17, 17, 17, 17, 17
ch054, 17, 17, 17, 17, 17, 17, 17, 17, 17, 17, 17, 17
ch056, 17, 17, 17, 17, 17, 17, 17, 17, 17, 17, 17, 17
ch058, 17, 17, 17, 17, 17, 17, 17, 17, 17, 17, 17, 17
ch060, 16, 16, 16, 16, 16, 16, 16, 16, 16, 16, 16, 16
ch062, 16, 16, 16, 16, 16, 16, 16, 16, 16, 16, 16, 16
ch064, 17, 17, 17, 17, 17, 17, 17, 17, 17, 17, 17, 17
ch100, 17, 17, 17, 17, 17, 17, 17, 17, 17, 17, 17, 17
ch102, 17, 17, 17, 17, 17, 17, 17, 17, 17, 17, 17, 17
ch104, 17, 17, 17, 17, 17, 17, 17, 17, 17, 17, 17, 17
ch106, 17, 17, 17, 17, 17, 17, 17, 17, 17, 17, 17, 17
ch108, 17, 17, 17, 17, 17, 17, 17, 17, 17, 17, 17, 17
ch110, 17, 17, 17, 17, 17, 17, 17, 17, 17, 17, 17, 17
ch112, 18, 18, 18, 18, 18, 18, 18, 18, 18, 18, 18, 18
ch114, x, x, x, x, x, x, x, x, x, x, x, x
ch116, 18, 18, 18, 18, 18, 18, 18, 18, 18, 18, 18, 18
ch118, 18, 18, 18, 18, 18, 18, 18, 18, 18, 18, 18, 18
ch120, 18, 18, 18, 18, 18, 18, 18, 18, 18, 18, 18, 18
ch122, 18, 18, 18, 18, 18, 18, 18, 18, 18, 18, 18, 18
ch124, 18, 18, 18, 18, 18, 18, 18, 18, 18, 18, 18, 18
ch126, 18, 18, 18, 18, 18, 18, 18, 18, 18, 18, 18, 18
ch128, 18, 18, 18, 18, 18, 18, 18, 18, 18, 18, 18, 18
ch132, 18, 18, 18, 18, 18, 18, 18, 18, 18, 18, 18, 18
ch134, 18, 18, 18, 18, 18, 18, 18, 18, 18, 18, 18, 18
ch136, 18, 18, 18, 18, 18, 18, 18, 18, 18, 18, 18, 18
ch138, 18, 18, 18, 18, 18, 18, 18, 18, 18, 18, 18, 18
ch140, 18, 18, 18, 18, 18, 18, 18, 18, 18, 18, 18, 18
ch142, 18, 18, 18, 18, 18, 18, 18, 18, 18, 18, 18, 18
ch144, 18, 18, 18, 18, 18, 18, 18, 18, 18, 18, 18, 18
ch149, 17, 17, 17, 17, 17, 17, 17, 17, 17, 17, 17, 17
ch151, 17, 17, 17, 17, 17, 17, 17, 17, 17, 17, 17, 17
ch153, 17, 17, 17, 17, 17, 17, 17, 17, 17, 17, 17, 17
ch155, 17, 17, 17, 17, 17, 17, 17, 17, 17, 17, 17, 17
ch157, 17, 17, 17, 17, 17, 17, 17, 17, 17, 17, 17, 17
ch159, 17, 17, 17, 17, 17, 17, 17, 17, 17, 17, 17, 17
ch161, 17, 17, 17, 17, 17, 17, 17, 17, 17, 17, 17, 17
ch165, 17, 17, 17, 17, 17, 17, 17, 17, 17, 17, 17, 17
</ru52>

<ru106, m0, m1, m2, m3, m4, m5, m6, m7, m8, m9, m10, m11>
ch001, 25, 25, 25, 25, 25, 25, 25, 25, 25, 25, 25, 25
ch002, 25, 25, 25, 25, 25, 25, 25, 25, 25, 25, 25, 25
ch003, 25, 25, 25, 25, 25, 25, 25, 25, 25, 25, 25, 25
ch004, 25, 25, 25, 25, 25, 25, 25, 25, 25, 25, 25, 25
ch005, 25, 25, 25, 25, 25, 25, 25, 25, 25, 25, 25, 25
ch006, 25, 25, 25, 25, 25, 25, 25, 25, 25, 25, 25, 25
ch007, 25, 25, 25, 25, 25, 25, 25, 25, 25, 25, 25, 25
ch008, 25, 25, 25, 25, 25, 25, 25, 25, 25, 25, 25, 25
ch009, 25, 25, 25, 25, 25, 25, 25, 25, 25, 25, 25, 25
ch010, 17, 17, 17, 17, 17, 17, 17, 17, 17, 17, 17, 17
ch011, 17, 17, 17, 17, 17, 17, 17, 17, 17, 17, 17, 17
ch012, 11, 11, 11, 11, 11, 11, 11, 11, 11, 11, 11, 11
ch013, 1, 1, 1, 1, 1, 1, 1, 1, 1, 1, 1, 1
ch014, x, x, x, x, x, x, x, x, x, x, x, x
ch036, 23, 23, 23, 23, 23, 23, 23, 23, 23, 23, 23, 23
ch038, 23, 23, 23, 23, 23, 23, 23, 23, 23, 23, 23, 23
ch040, 23, 23, 23, 23, 23, 23, 23, 23, 23, 23, 23, 23
ch042, 23, 23, 23, 23, 23, 23, 23, 23, 23, 23, 23, 23
ch044, 22, 22, 22, 22, 22, 22, 22, 22, 22, 22, 22, 22
ch046, 22, 22, 22, 22, 22, 22, 22, 22, 22, 22, 22, 22
ch048, 23, 23, 23, 23, 23, 23, 23, 23, 23, 23, 23, 23
ch050, x, x, x, x, x, x, x, x, x, x, x, x
ch052, 23, 23, 23, 23, 23, 23, 23, 23, 23, 23, 23, 23
ch054, 23, 23, 23, 23, 23, 23, 23, 23, 23, 23, 23, 23
ch056, 23, 23, 23, 23, 23, 23, 23, 23, 23, 23, 23, 23
ch058, 23, 23, 23, 23, 23, 23, 23, 23, 23, 23, 23, 23
ch060, 21, 21, 21, 21, 21, 21, 21, 21, 21, 21, 21, 21
ch062, 21, 21, 21, 21, 21, 21, 21, 21, 21, 21, 21, 21
ch064, 23, 23, 23, 23, 23, 23, 23, 23, 23, 23, 23, 23
ch100, 23, 23, 23, 23, 23, 23, 23, 23, 23, 23, 23, 23
ch102, 23, 23, 23, 23, 23, 23, 23, 23, 23, 23, 23, 23
ch104, 23, 23, 23, 23, 23, 23, 23, 23, 23, 23, 23, 23
ch106, 23, 23, 23, 23, 23, 23, 23, 23, 23, 23, 23, 23
ch108, 23, 23, 23, 23, 23, 23, 23, 23, 23, 23, 23, 23
ch110, 23, 23, 23, 23, 23, 23, 23, 23, 23, 23, 23, 23
ch112, 24, 24, 24, 24, 24, 24, 24, 24, 24, 24, 24, 24
ch114, x, x, x, x, x, x, x, x, x, x, x, x
ch116, 24, 24, 24, 24, 24, 24, 24, 24, 24, 24, 24, 24
ch118, 24, 24, 24, 24, 24, 24, 24, 24, 24, 24, 24, 24
ch120, 24, 24, 24, 24, 24, 24, 24, 24, 24, 24, 24, 24
ch122, 24, 24, 24, 24, 24, 24, 24, 24, 24, 24, 24, 24
ch124, 24, 24, 24, 24, 24, 24, 24, 24, 24, 24, 24, 24
ch126, 24, 24, 24, 24, 24, 24, 24, 24, 24, 24, 24, 24
ch128, 24, 24, 24, 24, 24, 24, 24, 24, 24, 24, 24, 24
ch132, 23, 23, 23, 23, 23, 23, 23, 23, 23, 23, 23, 23
ch134, 23, 23, 23, 23, 23, 23, 23, 23, 23, 23, 23, 23
ch136, 23, 23, 23, 23, 23, 23, 23, 23, 23, 23, 23, 23
ch138, 23, 23, 23, 23, 23, 23, 23, 23, 23, 23, 23, 23
ch140, 23, 23, 23, 23, 23, 23, 23, 23, 23, 23, 23, 23
ch142, 23, 23, 23, 23, 23, 23, 23, 23, 23, 23, 23, 23
ch144, 23, 23, 23, 23, 23, 23, 23, 23, 23, 23, 23, 23
ch149, 22, 22, 22, 22, 22, 22, 22, 22, 22, 22, 22, 22
ch151, 22, 22, 22, 22, 22, 22, 22, 22, 22, 22, 22, 22
ch153, 22, 22, 22, 22, 22, 22, 22, 22, 22, 22, 22, 22
ch155, 23, 23, 23, 23, 23, 23, 23, 23, 23, 23, 23, 23
ch157, 23, 23, 23, 23, 23, 23, 23, 23, 23, 23, 23, 23
ch159, 22, 22, 22, 22, 22, 22, 22, 22, 22, 22, 22, 22
ch161, 22, 22, 22, 22, 22, 22, 22, 22, 22, 22, 22, 22
ch165, 22, 22, 22, 22, 22, 22, 22, 22, 22, 22, 22, 22
</ru106>

<ru242, m0, m1, m2, m3, m4, m5, m6, m7, m8, m9, m10, m11>
ch001, 29, 29, 29, 29, 29, 29, 29, 29, 29, 29, 29, 29
ch002, 29, 29, 29, 29, 29, 29, 29, 29, 29, 29, 29, 29
ch003, 29, 29, 29, 29, 29, 29, 29, 29, 29, 29, 29, 29
ch004, 29, 29, 29, 29, 29, 29, 29, 29, 29, 29, 29, 29
ch005, 29, 29, 29, 29, 29, 29, 29, 29, 29, 29, 29, 29
ch006, 29, 29, 29, 29, 29, 29, 29, 29, 29, 29, 29, 29
ch007, 29, 29, 29, 29, 29, 29, 29, 29, 29, 29, 29, 29
ch008, 29, 29, 29, 29, 29, 29, 29, 29, 29, 29, 29, 29
ch009, 29, 29, 29, 29, 29, 29, 29, 29, 29, 29, 29, 29
ch010, 23, 23, 23, 23, 23, 23, 23, 23, 23, 23, 23, 23
ch011, 23, 23, 23, 23, 23, 23, 23, 23, 23, 23, 23, 23
ch012, 17, 17, 17, 17, 17, 17, 17, 17, 17, 17, 17, 17
ch013, 7, 7, 7, 7, 7, 7, 7, 7, 7, 7, 7, 7
ch014, x, x, x, x, x, x, x, x, x, x, x, x
ch036, 29, 29, 29, 29, 29, 29, 29, 29, 29, 29, 29, 29
ch038, 22, 22, 22, 22, 22, 22, 22, 22, 22, 22, 22, 22
ch040, 29, 29, 29, 29, 29, 29, 29, 29, 29, 29, 29, 29
ch042, 22, 22, 22, 22, 22, 22, 22, 22, 22, 22, 22, 22
ch044, 29, 29, 29, 29, 29, 29, 29, 29, 29, 29, 29, 29
ch046, 24, 24, 24, 24, 24, 24, 24, 24, 24, 24, 24, 24
ch048, 29, 29, 29, 29, 29, 29, 29, 29, 29, 29, 29, 29
ch050, x, x, x, x, x, x, x, x, x, x, x, x
ch052, 29, 29, 29, 29, 29, 29, 29, 29, 29, 29, 29, 29
ch054, 24, 24, 24, 24, 24, 24, 24, 24, 24, 24, 24, 24
ch056, 29, 29, 29, 29, 29, 29, 29, 29, 29, 29, 29, 29
ch058, 22, 22, 22, 22, 22, 22, 22, 22, 22, 22, 22, 22
ch060, 29, 29, 29, 29, 29, 29, 29, 29, 29, 29, 29, 29
ch062, 22, 22, 22, 22, 22, 22, 22, 22, 22, 22, 22, 22
ch064, 29, 29, 29, 29, 29, 29, 29, 29, 29, 29, 29, 29
ch100, 29, 29, 29, 29, 29, 29, 29, 29, 29, 29, 29, 29
ch102, 24, 24, 24, 24, 24, 24, 24, 24, 24, 24, 24, 24
ch104, 29, 29, 29, 29, 29, 29, 29, 29, 29, 29, 29, 29
ch106, 24, 24, 24, 24, 24, 24, 24, 24, 24, 24, 24, 24
ch108, 29, 29, 29, 29, 29, 29, 29, 29, 29, 29, 29, 29
ch110, 25, 25, 25, 25, 25, 25, 25, 25, 25, 25, 25, 25
ch112, 29, 29, 29, 29, 29, 29, 29, 29, 29, 29, 29, 29
ch114, x, x, x, x, x, x, x, x, x, x, x, x
ch116, 29, 29, 29, 29, 29, 29, 29, 29, 29, 29, 29, 29
ch118, 25, 25, 25, 25, 25, 25, 25, 25, 25, 25, 25, 25
ch120, 29, 29, 29, 29, 29, 29, 29, 29, 29, 29, 29, 29
ch122, 25, 25, 25, 25, 25, 25, 25, 25, 25, 25, 25, 25
ch124, 29, 29, 29, 29, 29, 29, 29, 29, 29, 29, 29, 29
ch126, 24, 24, 24, 24, 24, 24, 24, 24, 24, 24, 24, 24
ch128, 29, 29, 29, 29, 29, 29, 29, 29, 29, 29, 29, 29
ch132, 29, 29, 29, 29, 29, 29, 29, 29, 29, 29, 29, 29
ch134, 24, 24, 24, 24, 24, 24, 24, 24, 24, 24, 24, 24
ch136, 29, 29, 29, 29, 29, 29, 29, 29, 29, 29, 29, 29
ch138, 24, 24, 24, 24, 24, 24, 24, 24, 24, 24, 24, 24
ch140, 29, 29, 29, 29, 29, 29, 29, 29, 29, 29, 29, 29
ch142, 25, 25, 25, 25, 25, 25, 25, 25, 25, 25, 25, 25
ch144, 29, 29, 29, 29, 29, 29, 29, 29, 29, 29, 29, 29
ch149, 29, 29, 29, 29, 29, 29, 29, 29, 29, 29, 29, 29
ch151, 24, 24, 24, 24, 24, 24, 24, 24, 24, 24, 24, 24
ch153, 29, 29, 29, 29, 29, 29, 29, 29, 29, 29, 29, 29
ch155, 24, 24, 24, 24, 24, 24, 24, 24, 24, 24, 24, 24
ch157, 29, 29, 29, 29, 29, 29, 29, 29, 29, 29, 29, 29
ch159, 24, 24, 24, 24, 24, 24, 24, 24, 24, 24, 24, 24
ch161, 29, 29, 29, 29, 29, 29, 29, 29, 29, 29, 29, 29
ch165, 29, 29, 29, 29, 29, 29, 29, 29, 29, 29, 29, 29
</ru242>

<ru484, m0, m1, m2, m3, m4, m5, m6, m7, m8, m9, m10, m11>
ch038, 28, 28, 28, 28, 28, 28, 28, 28, 28, 28, 28, 28
ch042, 19, 19, 19, 19, 19, 19, 19, 19, 19, 19, 19, 19
ch046, 29, 29, 29, 29, 29, 29, 29, 29, 29, 29, 29, 29
ch050, x, x, x, x, x, x, x, x, x, x, x, x
ch054, 29, 29, 29, 29, 29, 29, 29, 29, 29, 29, 29, 29
ch058, 15, 15, 15, 15, 15, 15, 15, 15, 15, 15, 15, 15
ch062, 27, 27, 27, 27, 27, 27, 27, 27, 27, 27, 27, 27
ch102, 29, 29, 29, 29, 29, 29, 29, 29, 29, 29, 29, 29
ch106, 24, 24, 24, 24, 24, 24, 24, 24, 24, 24, 24, 24
ch110, 29, 29, 29, 29, 29, 29, 29, 29, 29, 29, 29, 29
ch114, x, x, x, x, x, x, x, x, x, x, x, x
ch118, 29, 29, 29, 29, 29, 29, 29, 29, 29, 29, 29, 29
ch122, 26, 26, 26, 26, 26, 26, 26, 26, 26, 26, 26, 26
ch126, 29, 29, 29, 29, 29, 29, 29, 29, 29, 29, 29, 29
ch134, 29, 29, 29, 29, 29, 29, 29, 29, 29, 29, 29, 29
ch138, 26, 26, 26, 26, 26, 26, 26, 26, 26, 26, 26, 26
ch142, 29, 29, 29, 29, 29, 29, 29, 29, 29, 29, 29, 29
ch151, 29, 29, 29, 29, 29, 29, 29, 29, 29, 29, 29, 29
ch155, 23, 23, 23, 23, 23, 23, 23, 23, 23, 23, 23, 23
ch159, 29, 29, 29, 29, 29, 29, 29, 29, 29, 29, 29, 29
</ru484>

<ru996, m0, m1, m2, m3, m4, m5, m6, m7, m8, m9, m10, m11> 
ch042, 22, 22, 22, 22, 22, 22, 22, 22, 22, 22, 22, 22
ch050, x, x, x, x, x, x, x, x, x, x, x, x
ch058, 19, 19, 19, 19, 19, 19, 19, 19, 19, 19, 19, 19
ch106, 27, 27, 27, 27, 27, 27, 27, 27, 27, 27, 27, 27
ch114, x, x, x, x, x, x, x, x, x, x, x, x
ch122, 29, 29, 29, 29, 29, 29, 29, 29, 29, 29, 29, 29
ch138, 29, 29, 29, 29, 29, 29, 29, 29, 29, 29, 29, 29
ch155, 29, 29, 29, 29, 29, 29, 29, 29, 29, 29, 29, 29
</ru996>

[DE,FR,IT,ES,IE,NL]
<cck,  c1, c2, c5, c11>
ch001, 10, 10, 10, 10
ch002, 10, 10, 10, 10
ch003, 10, 10, 10, 10
ch004, 10, 10, 10, 10
ch005, 10, 10, 10, 10
ch006, 10, 10, 10, 10
ch007, 10, 10, 10, 10
ch008, 10, 10, 10, 10
ch009, 10, 10, 10, 10
ch010, 10, 10, 10, 10
ch011, 10, 10, 10, 10
ch012, 10, 10, 10, 10
ch013, 10, 10, 10, 10
ch014, x, x, x, x
</cck>

<ofdm, o6, o9, o12, o18, o24, o36, o48, o54>
ch001, 14, 14, 14, 14, 14, 14, 14, 14
ch002, 14, 14, 14, 14, 14, 14, 14, 14
ch003, 16, 16, 16, 16, 16, 16, 16, 16
ch004, 16, 16, 16, 16, 16, 16, 16, 16
ch005, 16, 16, 16, 16, 16, 16, 16, 16
ch006, 16, 16, 16, 16, 16, 16, 16, 16
ch007, 16, 16, 16, 16, 16, 16, 16, 16
ch008, 16, 16, 16, 16, 16, 16, 16, 16
ch009, 16, 16, 16, 16, 16, 16, 16, 16
ch010, 14, 14, 14, 14, 14, 14, 14, 14
ch011, 14, 14, 14, 14, 14, 14, 14, 14
ch012, 14, 14, 14, 14, 14, 14, 14, 14
ch013, 14, 14, 14, 14, 14, 14, 14, 14
ch014, x, x, x, x, x, x, x, x
ch036, 20, 20, 20, 20, 20, 20, 20, 20
ch038, 20, 20, 20, 20, 20, 20, 20, 20
ch040, 20, 20, 20, 20, 20, 20, 20, 20
ch042, 20, 20, 20, 20, 20, 20, 20, 20
ch044, 20, 20, 20, 20, 20, 20, 20, 20
ch046, 20, 20, 20, 20, 20, 20, 20, 20
ch048, 20, 20, 20, 20, 20, 20, 20, 20
ch050, x, x, x, x, x, x, x, x
ch052, 13, 13, 13, 13, 13, 13, 13, 13
ch054, 13, 13, 13, 13, 13, 13, 13, 13
ch056, 13, 13, 13, 13, 13, 13, 13, 13
ch058, 13, 13, 13, 13, 13, 13, 13, 13
ch060, 13, 13, 13, 13, 13, 13, 13, 13
ch062, 13, 13, 13, 13, 13, 13, 13, 13
ch064, 13, 13, 13, 13, 13, 13, 13, 13
ch100, 14, 14, 14, 14, 14, 14, 14, 14
ch102, 14, 14, 14, 14, 14, 14, 14, 14
ch104, 14, 14, 14, 14, 14, 14, 14, 14
ch106, 14, 14, 14, 14, 14, 14, 14, 14
ch108, 14, 14, 14, 14, 14, 14, 14, 14
ch110, 14, 14, 14, 14, 14, 14, 14, 14
ch112, 14, 14, 14, 14, 14, 14, 14, 14
ch114, x, x, x, x, x, x, x, x
ch116, 14, 14, 14, 14, 14, 14, 14, 14
ch118, 14, 14, 14, 14, 14, 14, 14, 14
ch120, 14, 14, 14, 14, 14, 14, 14, 14
ch122, 14, 14, 14, 14, 14, 14, 14, 14
ch124, 14, 14, 14, 14, 14, 14, 14, 14
ch126, 14, 14, 14, 14, 14, 14, 14, 14
ch128, 14, 14, 14, 14, 14, 14, 14, 14
ch132, 14, 14, 14, 14, 14, 14, 14, 14
ch134, 14, 14, 14, 14, 14, 14, 14, 14
ch136, 14, 14, 14, 14, 14, 14, 14, 14
ch138, x, x, x, x, x, x, x, x
ch140, 14, 14, 14, 14, 14, 14, 14, 14
ch142, x, x, x, x, x, x, x, x
ch144, x, x, x, x, x, x, x, x
ch149, 5, 5, 5, 5, 5, 5, 5, 5
ch151, 5, 5, 5, 5, 5, 5, 5, 5
ch153, 5, 5, 5, 5, 5, 5, 5, 5
ch155, 5, 5, 5, 5, 5, 5, 5, 5
ch157, 5, 5, 5, 5, 5, 5, 5, 5
ch159, 5, 5, 5, 5, 5, 5, 5, 5
ch161, 6, 6, 6, 6, 6, 6, 6, 6
ch165, 6, 6, 6, 6, 6, 6, 6, 6
</ofdm>

<ht20, m0, m1, m2, m3, m4, m5, m6, m7>
ch001, 14, 14, 14, 14, 14, 14, 14, 14
ch002, 14, 14, 14, 14, 14, 14, 14, 14
ch003, 15, 15, 15, 15, 15, 15, 15, 15
ch004, 15, 15, 15, 15, 15, 15, 15, 15
ch005, 15, 15, 15, 15, 15, 15, 15, 15
ch006, 15, 15, 15, 15, 15, 15, 15, 15
ch007, 15, 15, 15, 15, 15, 15, 15, 15
ch008, 15, 15, 15, 15, 15, 15, 15, 15
ch009, 15, 15, 15, 15, 15, 15, 15, 15
ch010, 14, 14, 14, 14, 14, 14, 14, 14
ch011, 14, 14, 14, 14, 14, 14, 14, 14
ch012, 14, 14, 14, 14, 14, 14, 14, 14
ch013, 14, 14, 14, 14, 14, 14, 14, 14
ch014, x, x, x, x, x, x, x, x
ch036, 22, 22, 22, 22, 22, 22, 22, 22
ch038, 22, 22, 22, 22, 22, 22, 22, 22
ch040, 22, 22, 22, 22, 22, 22, 22, 22
ch042, 22, 22, 22, 22, 22, 22, 22, 22
ch044, 22, 22, 22, 22, 22, 22, 22, 22
ch046, 22, 22, 22, 22, 22, 22, 22, 22
ch048, 22, 22, 22, 22, 22, 22, 22, 22
ch050, x, x, x, x, x, x, x, x
ch052, 15, 15, 15, 15, 15, 15, 15, 15
ch054, 15, 15, 15, 15, 15, 15, 15, 15
ch056, 15, 15, 15, 15, 15, 15, 15, 15
ch058, 15, 15, 15, 15, 15, 15, 15, 15
ch060, 15, 15, 15, 15, 15, 15, 15, 15
ch062, 15, 15, 15, 15, 15, 15, 15, 15
ch064, 15, 15, 15, 15, 15, 15, 15, 15
ch100, 16, 16, 16, 16, 16, 16, 16, 16
ch102, 16, 16, 16, 16, 16, 16, 16, 16
ch104, 16, 16, 16, 16, 16, 16, 16, 16
ch106, 16, 16, 16, 16, 16, 16, 16, 16
ch108, 16, 16, 16, 16, 16, 16, 16, 16
ch110, 16, 16, 16, 16, 16, 16, 16, 16
ch112, 16, 16, 16, 16, 16, 16, 16, 16
ch114, x, x, x, x, x, x, x, x
ch116, 16, 16, 16, 16, 16, 16, 16, 16
ch118, 16, 16, 16, 16, 16, 16, 16, 16
ch120, 16, 16, 16, 16, 16, 16, 16, 16
ch122, 16, 16, 16, 16, 16, 16, 16, 16
ch124, 16, 16, 16, 16, 16, 16, 16, 16
ch126, 16, 16, 16, 16, 16, 16, 16, 16
ch128, 16, 16, 16, 16, 16, 16, 16, 16
ch132, 17, 17, 17, 17, 17, 17, 17, 17
ch134, 17, 17, 17, 17, 17, 17, 17, 17
ch136, 17, 17, 17, 17, 17, 17, 17, 17
ch138, x, x, x, x, x, x, x, x
ch140, 17, 17, 17, 17, 17, 17, 17, 17
ch142, x, x, x, x, x, x, x, x
ch144, x, x, x, x, x, x, x, x
ch149, 6, 6, 6, 6, 6, 6, 6, 6
ch151, 6, 6, 6, 6, 6, 6, 6, 6
ch153, 6, 6, 6, 6, 6, 6, 6, 6
ch155, 6, 6, 6, 6, 6, 6, 6, 6
ch157, 6, 6, 6, 6, 6, 6, 6, 6
ch159, 6, 6, 6, 6, 6, 6, 6, 6
ch161, 6, 6, 6, 6, 6, 6, 6, 6
ch165, 6, 6, 6, 6, 6, 6, 6, 6
</ht20>

<ht40, m0, m1, m2, m3, m4, m5, m6, m7> 
ch038, 24, 24, 24, 24, 24, 24, 24, 24
ch042, 24, 24, 24, 24, 24, 24, 24, 24
ch046, 24, 24, 24, 24, 24, 24, 24, 24
ch050, x, x, x, x, x, x, x, x
ch054, 17, 17, 17, 17, 17, 17, 17, 17
ch058, 17, 17, 17, 17, 17, 17, 17, 17
ch062, 17, 17, 17, 17, 17, 17, 17, 17
ch102, 17, 17, 17, 17, 17, 17, 17, 17
ch106, 17, 17, 17, 17, 17, 17, 17, 17
ch110, 17, 17, 17, 17, 17, 17, 17, 17
ch114, x, x, x, x, x, x, x, x
ch118, 17, 17, 17, 17, 17, 17, 17, 17
ch122, 18, 18, 18, 18, 18, 18, 18, 18
ch126, 18, 18, 18, 18, 18, 18, 18, 18
ch134, 18, 18, 18, 18, 18, 18, 18, 18
ch138, x, x, x, x, x, x, x, x
ch142, x, x, x, x, x, x, x, x
ch151, 5, 5, 5, 5, 5, 5, 5, 5
ch155, 5, 5, 5, 5, 5, 5, 5, 5
ch159, 5, 5, 5, 5, 5, 5, 5, 5
</ht40>

<vht20, m0, m1, m2, m3, m4, m5, m6, m7, m8, m9>
ch001, 14, 14, 14, 14, 14, 14, 14, 14, 14, 14
ch002, 14, 14, 14, 14, 14, 14, 14, 14, 14, 14
ch003, 15, 15, 15, 15, 15, 15, 15, 15, 15, 15
ch004, 15, 15, 15, 15, 15, 15, 15, 15, 15, 15
ch005, 15, 15, 15, 15, 15, 15, 15, 15, 15, 15
ch006, 15, 15, 15, 15, 15, 15, 15, 15, 15, 15
ch007, 15, 15, 15, 15, 15, 15, 15, 15, 15, 15
ch008, 15, 15, 15, 15, 15, 15, 15, 15, 15, 15
ch009, 15, 15, 15, 15, 15, 15, 15, 15, 15, 15
ch010, 14, 14, 14, 14, 14, 14, 14, 14, 14, 14
ch011, 14, 14, 14, 14, 14, 14, 14, 14, 14, 14
ch012, 14, 14, 14, 14, 14, 14, 14, 14, 14, 14
ch013, 14, 14, 14, 14, 14, 14, 14, 14, 14, 14
ch014, x, x, x, x, x, x, x, x, x, x
ch036, 22, 22, 22, 22, 22, 22, 22, 22, 22, 22
ch038, 22, 22, 22, 22, 22, 22, 22, 22, 22, 22
ch040, 22, 22, 22, 22, 22, 22, 22, 22, 22, 22
ch042, 22, 22, 22, 22, 22, 22, 22, 22, 22, 22
ch044, 22, 22, 22, 22, 22, 22, 22, 22, 22, 22
ch046, 22, 22, 22, 22, 22, 22, 22, 22, 22, 22
ch048, 22, 22, 22, 22, 22, 22, 22, 22, 22, 22
ch050, x, x, x, x, x, x, x, x, x, x
ch052, 15, 15, 15, 15, 15, 15, 15, 15, 15, 15
ch054, 15, 15, 15, 15, 15, 15, 15, 15, 15, 15
ch056, 15, 15, 15, 15, 15, 15, 15, 15, 15, 15
ch058, 15, 15, 15, 15, 15, 15, 15, 15, 15, 15
ch060, 15, 15, 15, 15, 15, 15, 15, 15, 15, 15
ch062, 15, 15, 15, 15, 15, 15, 15, 15, 15, 15
ch064, 15, 15, 15, 15, 15, 15, 15, 15, 15, 15
ch100, 16, 16, 16, 16, 16, 16, 16, 16, 16, 16
ch102, 16, 16, 16, 16, 16, 16, 16, 16, 16, 16
ch104, 16, 16, 16, 16, 16, 16, 16, 16, 16, 16
ch106, 16, 16, 16, 16, 16, 16, 16, 16, 16, 16
ch108, 16, 16, 16, 16, 16, 16, 16, 16, 16, 16
ch110, 16, 16, 16, 16, 16, 16, 16, 16, 16, 16
ch112, 16, 16, 16, 16, 16, 16, 16, 16, 16, 16
ch114, x, x, x, x, x, x, x, x, x, x
ch116, 16, 16, 16, 16, 16, 16, 16, 16, 16, 16
ch118, 16, 16, 16, 16, 16, 16, 16, 16, 16, 16
ch120, 16, 16, 16, 16, 16, 16, 16, 16, 16, 16
ch122, 16, 16, 16, 16, 16, 16, 16, 16, 16, 16
ch124, 16, 16, 16, 16, 16, 16, 16, 16, 16, 16
ch126, 16, 16, 16, 16, 16, 16, 16, 16, 16, 16
ch128, 16, 16, 16, 16, 16, 16, 16, 16, 16, 16
ch132, 17, 17, 17, 17, 17, 17, 17, 17, 17, 17
ch134, 17, 17, 17, 17, 17, 17, 17, 17, 17, 17
ch136, 17, 17, 17, 17, 17, 17, 17, 17, 17, 17
ch138, x, x, x, x, x, x, x, x, x, x
ch140, 17, 17, 17, 17, 17, 17, 17, 17, 17, 17
ch142, x, x, x, x, x, x, x, x, x, x
ch144, x, x, x, x, x, x, x, x, x, x
ch149, 6, 6, 6, 6, 6, 6, 6, 6, 6, 6
ch151, 6, 6, 6, 6, 6, 6, 6, 6, 6, 6
ch153, 6, 6, 6, 6, 6, 6, 6, 6, 6, 6
ch155, 6, 6, 6, 6, 6, 6, 6, 6, 6, 6
ch157, 6, 6, 6, 6, 6, 6, 6, 6, 6, 6
ch159, 6, 6, 6, 6, 6, 6, 6, 6, 6, 6
ch161, 6, 6, 6, 6, 6, 6, 6, 6, 6, 6
ch165, 6, 6, 6, 6, 6, 6, 6, 6, 6, 6
</vht20>

<vht40, m0, m1, m2, m3, m4, m5, m6, m7, m8, m9>
ch038, 24, 24, 24, 24, 24, 24, 24, 24, 24, 24
ch042, 24, 24, 24, 24, 24, 24, 24, 24, 24, 24
ch046, 24, 24, 24, 24, 24, 24, 24, 24, 24, 24
ch050, x, x, x, x, x, x, x, x, x, x
ch054, 17, 17, 17, 17, 17, 17, 17, 17, 17, 17
ch058, 17, 17, 17, 17, 17, 17, 17, 17, 17, 17
ch062, 17, 17, 17, 17, 17, 17, 17, 17, 17, 17
ch102, 17, 17, 17, 17, 17, 17, 17, 17, 17, 17
ch106, 17, 17, 17, 17, 17, 17, 17, 17, 17, 17
ch110, 17, 17, 17, 17, 17, 17, 17, 17, 17, 17
ch114, x, x, x, x, x, x, x, x, x, x
ch118, 17, 17, 17, 17, 17, 17, 17, 17, 17, 17
ch122, 18, 18, 18, 18, 18, 18, 18, 18, 18, 18
ch126, 18, 18, 18, 18, 18, 18, 18, 18, 18, 18
ch134, 18, 18, 18, 18, 18, 18, 18, 18, 18, 18
ch138, x, x, x, x, x, x, x, x, x, x
ch142, x, x, x, x, x, x, x, x, x, x
ch151, 5, 5, 5, 5, 5, 5, 5, 5, 5, 5
ch155, 5, 5, 5, 5, 5, 5, 5, 5, 5, 5
ch159, 5, 5, 5, 5, 5, 5, 5, 5, 5, 5
</vht40>

<vht80, m0, m1, m2, m3, m4, m5, m6, m7, m8, m9> 
ch042, 24, 24, 24, 24, 24, 24, 24, 24, 24, 24
ch050, x, x, x, x, x, x, x, x, x, x
ch058, 16, 16, 16, 16, 16, 16, 16, 16, 16, 16
ch106, 18, 18, 18, 18, 18, 18, 18, 18, 18, 18
ch114, x, x, x, x, x, x, x, x, x, x
ch122, 17, 17, 17, 17, 17, 17, 17, 17, 17, 17
ch138, x, x, x, x, x, x, x, x, x, x
ch155, 5, 5, 5, 5, 5, 5, 5, 5, 5, 5
</vht80>

<ru26, m0, m1, m2, m3, m4, m5, m6, m7, m8, m9, m10, m11>
ch001, -1, -1, -1, -1, -1, -1, -1, -1, -1, -1, -1, -1
ch002, -1, -1, -1, -1, -1, -1, -1, -1, -1, -1, -1, -1
ch003, -1, -1, -1, -1, -1, -1, -1, -1, -1, -1, -1, -1
ch004, -1, -1, -1, -1, -1, -1, -1, -1, -1, -1, -1, -1
ch005, -1, -1, -1, -1, -1, -1, -1, -1, -1, -1, -1, -1
ch006, -1, -1, -1, -1, -1, -1, -1, -1, -1, -1, -1, -1
ch007, -1, -1, -1, -1, -1, -1, -1, -1, -1, -1, -1, -1
ch008, -1, -1, -1, -1, -1, -1, -1, -1, -1, -1, -1, -1
ch009, -1, -1, -1, -1, -1, -1, -1, -1, -1, -1, -1, -1
ch010, -1, -1, -1, -1, -1, -1, -1, -1, -1, -1, -1, -1
ch011, -1, -1, -1, -1, -1, -1, -1, -1, -1, -1, -1, -1
ch012, -1, -1, -1, -1, -1, -1, -1, -1, -1, -1, -1, -1
ch013, -1, -1, -1, -1, -1, -1, -1, -1, -1, -1, -1, -1
ch014, x, x, x, x, x, x, x, x, x, x, x, x
ch036, 5, 5, 5, 5, 5, 5, 5, 5, 5, 5, 5, 5
ch038, 5, 5, 5, 5, 5, 5, 5, 5, 5, 5, 5, 5
ch040, 5, 5, 5, 5, 5, 5, 5, 5, 5, 5, 5, 5
ch042, 5, 5, 5, 5, 5, 5, 5, 5, 5, 5, 5, 5
ch044, 5, 5, 5, 5, 5, 5, 5, 5, 5, 5, 5, 5
ch046, 5, 5, 5, 5, 5, 5, 5, 5, 5, 5, 5, 5
ch048, 5, 5, 5, 5, 5, 5, 5, 5, 5, 5, 5, 5
ch050, x, x, x, x, x, x, x, x, x, x, x, x
ch052, -1, -1, -1, -1, -1, -1, -1, -1, -1, -1, -1, -1
ch054, -1, -1, -1, -1, -1, -1, -1, -1, -1, -1, -1, -1
ch056, -1, -1, -1, -1, -1, -1, -1, -1, -1, -1, -1, -1
ch058, -1, -1, -1, -1, -1, -1, -1, -1, -1, -1, -1, -1
ch060, -1, -1, -1, -1, -1, -1, -1, -1, -1, -1, -1, -1
ch062, -1, -1, -1, -1, -1, -1, -1, -1, -1, -1, -1, -1
ch064, -1, -1, -1, -1, -1, -1, -1, -1, -1, -1, -1, -1
ch100, 0, 0, 0, 0, 0, 0, 0, 0, 0, 0, 0, 0
ch102, 0, 0, 0, 0, 0, 0, 0, 0, 0, 0, 0, 0
ch104, 0, 0, 0, 0, 0, 0, 0, 0, 0, 0, 0, 0
ch106, 0, 0, 0, 0, 0, 0, 0, 0, 0, 0, 0, 0
ch108, 0, 0, 0, 0, 0, 0, 0, 0, 0, 0, 0, 0
ch110, 0, 0, 0, 0, 0, 0, 0, 0, 0, 0, 0, 0
ch112, 0, 0, 0, 0, 0, 0, 0, 0, 0, 0, 0, 0
ch114, x, x, x, x, x, x, x, x, x, x, x, x
ch116, 0, 0, 0, 0, 0, 0, 0, 0, 0, 0, 0, 0
ch118, 0, 0, 0, 0, 0, 0, 0, 0, 0, 0, 0, 0
ch120, 0, 0, 0, 0, 0, 0, 0, 0, 0, 0, 0, 0
ch122, 0, 0, 0, 0, 0, 0, 0, 0, 0, 0, 0, 0
ch124, 0, 0, 0, 0, 0, 0, 0, 0, 0, 0, 0, 0
ch126, 0, 0, 0, 0, 0, 0, 0, 0, 0, 0, 0, 0
ch128, 0, 0, 0, 0, 0, 0, 0, 0, 0, 0, 0, 0
ch132, 1, 1, 1, 1, 1, 1, 1, 1, 1, 1, 1, 1
ch134, 1, 1, 1, 1, 1, 1, 1, 1, 1, 1, 1, 1
ch136, 1, 1, 1, 1, 1, 1, 1, 1, 1, 1, 1, 1
ch138, x, x, x, x, x, x, x, x, x, x, x, x
ch140, 1, 1, 1, 1, 1, 1, 1, 1, 1, 1, 1, 1
ch142, x, x, x, x, x, x, x, x, x, x, x, x
ch144, x, x, x, x, x, x, x, x, x, x, x, x
ch149, 6, 6, 6, 6, 6, 6, 6, 6, 6, 6, 6, 6
ch151, 6, 6, 6, 6, 6, 6, 6, 6, 6, 6, 6, 6
ch153, 6, 6, 6, 6, 6, 6, 6, 6, 6, 6, 6, 6
ch155, 6, 6, 6, 6, 6, 6, 6, 6, 6, 6, 6, 6
ch157, 6, 6, 6, 6, 6, 6, 6, 6, 6, 6, 6, 6
ch159, 6, 6, 6, 6, 6, 6, 6, 6, 6, 6, 6, 6
ch161, 6, 6, 6, 6, 6, 6, 6, 6, 6, 6, 6, 6
ch165, 6, 6, 6, 6, 6, 6, 6, 6, 6, 6, 6, 6
</ru26>

<ru52, m0, m1, m2, m3, m4, m5, m6, m7, m8, m9, m10, m11>
ch001, 5, 5, 5, 5, 5, 5, 5, 5, 5, 5, 5, 5
ch002, 5, 5, 5, 5, 5, 5, 5, 5, 5, 5, 5, 5
ch003, 4, 4, 4, 4, 4, 4, 4, 4, 4, 4, 4, 4
ch004, 4, 4, 4, 4, 4, 4, 4, 4, 4, 4, 4, 4
ch005, 4, 4, 4, 4, 4, 4, 4, 4, 4, 4, 4, 4
ch006, 4, 4, 4, 4, 4, 4, 4, 4, 4, 4, 4, 4
ch007, 4, 4, 4, 4, 4, 4, 4, 4, 4, 4, 4, 4
ch008, 4, 4, 4, 4, 4, 4, 4, 4, 4, 4, 4, 4
ch009, 4, 4, 4, 4, 4, 4, 4, 4, 4, 4, 4, 4
ch010, 4, 4, 4, 4, 4, 4, 4, 4, 4, 4, 4, 4
ch011, 4, 4, 4, 4, 4, 4, 4, 4, 4, 4, 4, 4
ch012, 4, 4, 4, 4, 4, 4, 4, 4, 4, 4, 4, 4
ch013, 4, 4, 4, 4, 4, 4, 4, 4, 4, 4, 4, 4
ch014, x, x, x, x, x, x, x, x, x, x, x, x
ch036, 10, 10, 10, 10, 10, 10, 10, 10, 10, 10, 10, 10
ch038, 10, 10, 10, 10, 10, 10, 10, 10, 10, 10, 10, 10
ch040, 10, 10, 10, 10, 10, 10, 10, 10, 10, 10, 10, 10
ch042, 10, 10, 10, 10, 10, 10, 10, 10, 10, 10, 10, 10
ch044, 10, 10, 10, 10, 10, 10, 10, 10, 10, 10, 10, 10
ch046, 10, 10, 10, 10, 10, 10, 10, 10, 10, 10, 10, 10
ch048, 10, 10, 10, 10, 10, 10, 10, 10, 10, 10, 10, 10
ch050, x, x, x, x, x, x, x, x, x, x, x, x
ch052, 4, 4, 4, 4, 4, 4, 4, 4, 4, 4, 4, 4
ch054, 4, 4, 4, 4, 4, 4, 4, 4, 4, 4, 4, 4
ch056, 4, 4, 4, 4, 4, 4, 4, 4, 4, 4, 4, 4
ch058, 4, 4, 4, 4, 4, 4, 4, 4, 4, 4, 4, 4
ch060, 4, 4, 4, 4, 4, 4, 4, 4, 4, 4, 4, 4
ch062, 4, 4, 4, 4, 4, 4, 4, 4, 4, 4, 4, 4
ch064, 4, 4, 4, 4, 4, 4, 4, 4, 4, 4, 4, 4
ch100, 5, 5, 5, 5, 5, 5, 5, 5, 5, 5, 5, 5
ch102, 5, 5, 5, 5, 5, 5, 5, 5, 5, 5, 5, 5
ch104, 5, 5, 5, 5, 5, 5, 5, 5, 5, 5, 5, 5
ch106, 5, 5, 5, 5, 5, 5, 5, 5, 5, 5, 5, 5
ch108, 5, 5, 5, 5, 5, 5, 5, 5, 5, 5, 5, 5
ch110, 5, 5, 5, 5, 5, 5, 5, 5, 5, 5, 5, 5
ch112, 5, 5, 5, 5, 5, 5, 5, 5, 5, 5, 5, 5
ch114, x, x, x, x, x, x, x, x, x, x, x, x
ch116, 5, 5, 5, 5, 5, 5, 5, 5, 5, 5, 5, 5
ch118, 5, 5, 5, 5, 5, 5, 5, 5, 5, 5, 5, 5
ch120, 5, 5, 5, 5, 5, 5, 5, 5, 5, 5, 5, 5
ch122, 5, 5, 5, 5, 5, 5, 5, 5, 5, 5, 5, 5
ch124, 5, 5, 5, 5, 5, 5, 5, 5, 5, 5, 5, 5
ch126, 5, 5, 5, 5, 5, 5, 5, 5, 5, 5, 5, 5
ch128, 5, 5, 5, 5, 5, 5, 5, 5, 5, 5, 5, 5
ch132, 6, 6, 6, 6, 6, 6, 6, 6, 6, 6, 6, 6
ch134, 6, 6, 6, 6, 6, 6, 6, 6, 6, 6, 6, 6
ch136, 6, 6, 6, 6, 6, 6, 6, 6, 6, 6, 6, 6
ch138, x, x, x, x, x, x, x, x, x, x, x, x
ch140, 6, 6, 6, 6, 6, 6, 6, 6, 6, 6, 6, 6
ch142, x, x, x, x, x, x, x, x, x, x, x, x
ch144, x, x, x, x, x, x, x, x, x, x, x, x
ch149, 6, 6, 6, 6, 6, 6, 6, 6, 6, 6, 6, 6
ch151, 6, 6, 6, 6, 6, 6, 6, 6, 6, 6, 6, 6
ch153, 6, 6, 6, 6, 6, 6, 6, 6, 6, 6, 6, 6
ch155, 6, 6, 6, 6, 6, 6, 6, 6, 6, 6, 6, 6
ch157, 5, 5, 5, 5, 5, 5, 5, 5, 5, 5, 5, 5
ch159, 5, 5, 5, 5, 5, 5, 5, 5, 5, 5, 5, 5
ch161, 6, 6, 6, 6, 6, 6, 6, 6, 6, 6, 6, 6
ch165, 6, 6, 6, 6, 6, 6, 6, 6, 6, 6, 6, 6
</ru52>

<ru106, m0, m1, m2, m3, m4, m5, m6, m7, m8, m9, m10, m11>
ch001, 11, 11, 11, 11, 11, 11, 11, 11, 11, 11, 11, 11
ch002, 11, 11, 11, 11, 11, 11, 11, 11, 11, 11, 11, 11
ch003, 10, 10, 10, 10, 10, 10, 10, 10, 10, 10, 10, 10
ch004, 10, 10, 10, 10, 10, 10, 10, 10, 10, 10, 10, 10
ch005, 10, 10, 10, 10, 10, 10, 10, 10, 10, 10, 10, 10
ch006, 10, 10, 10, 10, 10, 10, 10, 10, 10, 10, 10, 10
ch007, 10, 10, 10, 10, 10, 10, 10, 10, 10, 10, 10, 10
ch008, 10, 10, 10, 10, 10, 10, 10, 10, 10, 10, 10, 10
ch009, 10, 10, 10, 10, 10, 10, 10, 10, 10, 10, 10, 10
ch010, 9, 9, 9, 9, 9, 9, 9, 9, 9, 9, 9, 9
ch011, 9, 9, 9, 9, 9, 9, 9, 9, 9, 9, 9, 9
ch012, 9, 9, 9, 9, 9, 9, 9, 9, 9, 9, 9, 9
ch013, 9, 9, 9, 9, 9, 9, 9, 9, 9, 9, 9, 9
ch014, x, x, x, x, x, x, x, x, x, x, x, x
ch036, 16, 16, 16, 16, 16, 16, 16, 16, 16, 16, 16, 16
ch038, 16, 16, 16, 16, 16, 16, 16, 16, 16, 16, 16, 16
ch040, 16, 16, 16, 16, 16, 16, 16, 16, 16, 16, 16, 16
ch042, 16, 16, 16, 16, 16, 16, 16, 16, 16, 16, 16, 16
ch044, 16, 16, 16, 16, 16, 16, 16, 16, 16, 16, 16, 16
ch046, 16, 16, 16, 16, 16, 16, 16, 16, 16, 16, 16, 16
ch048, 16, 16, 16, 16, 16, 16, 16, 16, 16, 16, 16, 16
ch050, x, x, x, x, x, x, x, x, x, x, x, x
ch052, 9, 9, 9, 9, 9, 9, 9, 9, 9, 9, 9, 9
ch054, 9, 9, 9, 9, 9, 9, 9, 9, 9, 9, 9, 9
ch056, 9, 9, 9, 9, 9, 9, 9, 9, 9, 9, 9, 9
ch058, 9, 9, 9, 9, 9, 9, 9, 9, 9, 9, 9, 9
ch060, 9, 9, 9, 9, 9, 9, 9, 9, 9, 9, 9, 9
ch062, 9, 9, 9, 9, 9, 9, 9, 9, 9, 9, 9, 9
ch064, 9, 9, 9, 9, 9, 9, 9, 9, 9, 9, 9, 9
ch100, 10, 10, 10, 10, 10, 10, 10, 10, 10, 10, 10, 10
ch102, 10, 10, 10, 10, 10, 10, 10, 10, 10, 10, 10, 10
ch104, 10, 10, 10, 10, 10, 10, 10, 10, 10, 10, 10, 10
ch106, 10, 10, 10, 10, 10, 10, 10, 10, 10, 10, 10, 10
ch108, 10, 10, 10, 10, 10, 10, 10, 10, 10, 10, 10, 10
ch110, 10, 10, 10, 10, 10, 10, 10, 10, 10, 10, 10, 10
ch112, 10, 10, 10, 10, 10, 10, 10, 10, 10, 10, 10, 10
ch114, x, x, x, x, x, x, x, x, x, x, x, x
ch116, 10, 10, 10, 10, 10, 10, 10, 10, 10, 10, 10, 10
ch118, 10, 10, 10, 10, 10, 10, 10, 10, 10, 10, 10, 10
ch120, 10, 10, 10, 10, 10, 10, 10, 10, 10, 10, 10, 10
ch122, 10, 10, 10, 10, 10, 10, 10, 10, 10, 10, 10, 10
ch124, 10, 10, 10, 10, 10, 10, 10, 10, 10, 10, 10, 10
ch126, 10, 10, 10, 10, 10, 10, 10, 10, 10, 10, 10, 10
ch128, 10, 10, 10, 10, 10, 10, 10, 10, 10, 10, 10, 10
ch132, 11, 11, 11, 11, 11, 11, 11, 11, 11, 11, 11, 11
ch134, 11, 11, 11, 11, 11, 11, 11, 11, 11, 11, 11, 11
ch136, 11, 11, 11, 11, 11, 11, 11, 11, 11, 11, 11, 11
ch138, x, x, x, x, x, x, x, x, x, x, x, x
ch140, 11, 11, 11, 11, 11, 11, 11, 11, 11, 11, 11, 11
ch142, x, x, x, x, x, x, x, x, x, x, x, x
ch144, x, x, x, x, x, x, x, x, x, x, x, x
ch149, 6, 6, 6, 6, 6, 6, 6, 6, 6, 6, 6, 6
ch151, 6, 6, 6, 6, 6, 6, 6, 6, 6, 6, 6, 6
ch153, 6, 6, 6, 6, 6, 6, 6, 6, 6, 6, 6, 6
ch155, 6, 6, 6, 6, 6, 6, 6, 6, 6, 6, 6, 6
ch157, 6, 6, 6, 6, 6, 6, 6, 6, 6, 6, 6, 6
ch159, 6, 6, 6, 6, 6, 6, 6, 6, 6, 6, 6, 6
ch161, 6, 6, 6, 6, 6, 6, 6, 6, 6, 6, 6, 6
ch165, 6, 6, 6, 6, 6, 6, 6, 6, 6, 6, 6, 6
</ru106>

<ru242, m0, m1, m2, m3, m4, m5, m6, m7, m8, m9, m10, m11>
ch001, 14, 14, 14, 14, 14, 14, 14, 14, 14, 14, 14, 14
ch002, 14, 14, 14, 14, 14, 14, 14, 14, 14, 14, 14, 14
ch003, 14, 14, 14, 14, 14, 14, 14, 14, 14, 14, 14, 14
ch004, 14, 14, 14, 14, 14, 14, 14, 14, 14, 14, 14, 14
ch005, 14, 14, 14, 14, 14, 14, 14, 14, 14, 14, 14, 14
ch006, 14, 14, 14, 14, 14, 14, 14, 14, 14, 14, 14, 14
ch007, 14, 14, 14, 14, 14, 14, 14, 14, 14, 14, 14, 14
ch008, 14, 14, 14, 14, 14, 14, 14, 14, 14, 14, 14, 14
ch009, 14, 14, 14, 14, 14, 14, 14, 14, 14, 14, 14, 14
ch010, 14, 14, 14, 14, 14, 14, 14, 14, 14, 14, 14, 14
ch011, 14, 14, 14, 14, 14, 14, 14, 14, 14, 14, 14, 14
ch012, 14, 14, 14, 14, 14, 14, 14, 14, 14, 14, 14, 14
ch013, 14, 14, 14, 14, 14, 14, 14, 14, 14, 14, 14, 14
ch014, x, x, x, x, x, x, x, x, x, x, x, x
ch036, 21, 21, 21, 21, 21, 21, 21, 21, 21, 21, 21, 21
ch038, 20, 20, 20, 20, 20, 20, 20, 20, 20, 20, 20, 20
ch040, 21, 21, 21, 21, 21, 21, 21, 21, 21, 21, 21, 21
ch042, 20, 20, 20, 20, 20, 20, 20, 20, 20, 20, 20, 20
ch044, 21, 21, 21, 21, 21, 21, 21, 21, 21, 21, 21, 21
ch046, 20, 20, 20, 20, 20, 20, 20, 20, 20, 20, 20, 20
ch048, 21, 21, 21, 21, 21, 21, 21, 21, 21, 21, 21, 21
ch050, x, x, x, x, x, x, x, x, x, x, x, x
ch052, 14, 14, 14, 14, 14, 14, 14, 14, 14, 14, 14, 14
ch054, 14, 14, 14, 14, 14, 14, 14, 14, 14, 14, 14, 14
ch056, 14, 14, 14, 14, 14, 14, 14, 14, 14, 14, 14, 14
ch058, 14, 14, 14, 14, 14, 14, 14, 14, 14, 14, 14, 14
ch060, 14, 14, 14, 14, 14, 14, 14, 14, 14, 14, 14, 14
ch062, 14, 14, 14, 14, 14, 14, 14, 14, 14, 14, 14, 14
ch064, 14, 14, 14, 14, 14, 14, 14, 14, 14, 14, 14, 14
ch100, 15, 15, 15, 15, 15, 15, 15, 15, 15, 15, 15, 15
ch102, 15, 15, 15, 15, 15, 15, 15, 15, 15, 15, 15, 15
ch104, 15, 15, 15, 15, 15, 15, 15, 15, 15, 15, 15, 15
ch106, 15, 15, 15, 15, 15, 15, 15, 15, 15, 15, 15, 15
ch108, 15, 15, 15, 15, 15, 15, 15, 15, 15, 15, 15, 15
ch110, 15, 15, 15, 15, 15, 15, 15, 15, 15, 15, 15, 15
ch112, 15, 15, 15, 15, 15, 15, 15, 15, 15, 15, 15, 15
ch114, x, x, x, x, x, x, x, x, x, x, x, x
ch116, 15, 15, 15, 15, 15, 15, 15, 15, 15, 15, 15, 15
ch118, 15, 15, 15, 15, 15, 15, 15, 15, 15, 15, 15, 15
ch120, 15, 15, 15, 15, 15, 15, 15, 15, 15, 15, 15, 15
ch122, 15, 15, 15, 15, 15, 15, 15, 15, 15, 15, 15, 15
ch124, 15, 15, 15, 15, 15, 15, 15, 15, 15, 15, 15, 15
ch126, 15, 15, 15, 15, 15, 15, 15, 15, 15, 15, 15, 15
ch128, 15, 15, 15, 15, 15, 15, 15, 15, 15, 15, 15, 15
ch132, 16, 16, 16, 16, 16, 16, 16, 16, 16, 16, 16, 16
ch134, 15, 15, 15, 15, 15, 15, 15, 15, 15, 15, 15, 15
ch136, 16, 16, 16, 16, 16, 16, 16, 16, 16, 16, 16, 16
ch138, x, x, x, x, x, x, x, x, x, x, x, x
ch140, 16, 16, 16, 16, 16, 16, 16, 16, 16, 16, 16, 16
ch142, x, x, x, x, x, x, x, x, x, x, x, x
ch144, x, x, x, x, x, x, x, x, x, x, x, x
ch149, 6, 6, 6, 6, 6, 6, 6, 6, 6, 6, 6, 6
ch151, 5, 5, 5, 5, 5, 5, 5, 5, 5, 5, 5, 5
ch153, 6, 6, 6, 6, 6, 6, 6, 6, 6, 6, 6, 6
ch155, 5, 5, 5, 5, 5, 5, 5, 5, 5, 5, 5, 5
ch157, 5, 5, 5, 5, 5, 5, 5, 5, 5, 5, 5, 5
ch159, 6, 6, 6, 6, 6, 6, 6, 6, 6, 6, 6, 6
ch161, 6, 6, 6, 6, 6, 6, 6, 6, 6, 6, 6, 6
ch165, 6, 6, 6, 6, 6, 6, 6, 6, 6, 6, 6, 6
</ru242>

<ru484, m0, m1, m2, m3, m4, m5, m6, m7, m8, m9, m10, m11>
ch038, 23, 23, 23, 23, 23, 23, 23, 23, 23, 23, 23, 23
ch042, 22, 22, 22, 22, 22, 22, 22, 22, 22, 22, 22, 22
ch046, 23, 23, 23, 23, 23, 23, 23, 23, 23, 23, 23, 23
ch050, x, x, x, x, x, x, x, x, x, x, x, x
ch054, 16, 16, 16, 16, 16, 16, 16, 16, 16, 16, 16, 16
ch058, 14, 14, 14, 14, 14, 14, 14, 14, 14, 14, 14, 14
ch062, 16, 16, 16, 16, 16, 16, 16, 16, 16, 16, 16, 16
ch102, 17, 17, 17, 17, 17, 17, 17, 17, 17, 17, 17, 17
ch106, 16, 16, 16, 16, 16, 16, 16, 16, 16, 16, 16, 16
ch110, 17, 17, 17, 17, 17, 17, 17, 17, 17, 17, 17, 17
ch114, x, x, x, x, x, x, x, x, x, x, x, x
ch118, 17, 17, 17, 17, 17, 17, 17, 17, 17, 17, 17, 17
ch122, 15, 15, 15, 15, 15, 15, 15, 15, 15, 15, 15, 15
ch126, 17, 17, 17, 17, 17, 17, 17, 17, 17, 17, 17, 17
ch134, 17, 17, 17, 17, 17, 17, 17, 17, 17, 17, 17, 17
ch138, x, x, x, x, x, x, x, x, x, x, x, x
ch142, x, x, x, x, x, x, x, x, x, x, x, x
ch151, 5, 5, 5, 5, 5, 5, 5, 5, 5, 5, 5, 5
ch155, 6, 6, 6, 6, 6, 6, 6, 6, 6, 6, 6, 6
ch159, 5, 5, 5, 5, 5, 5, 5, 5, 5, 5, 5, 5
</ru484>

<ru996, m0, m1, m2, m3, m4, m5, m6, m7, m8, m9, m10, m11> 
ch042, 23, 23, 23, 23, 23, 23, 23, 23, 23, 23, 23, 23
ch050, x, x, x, x, x, x, x, x, x, x, x, x
ch058, 16, 16, 16, 16, 16, 16, 16, 16, 16, 16, 16, 16
ch106, 17, 17, 17, 17, 17, 17, 17, 17, 17, 17, 17, 17
ch114, x, x, x, x, x, x, x, x, x, x, x, x
ch122, 18, 18, 18, 18, 18, 18, 18, 18, 18, 18, 18, 18
ch138, x, x, x, x, x, x, x, x, x, x, x, x
ch155, 5, 5, 5, 5, 5, 5, 5, 5, 5, 5, 5, 5
</ru996>

[CA]
<cck,  c1, c2, c5, c11>
ch001, 30, 30, 30, 30
ch002, 30, 30, 30, 30
ch003, 34, 34, 34, 34
ch004, 34, 34, 34, 34
ch005, 34, 34, 34, 34
ch006, 34, 34, 34, 34
ch007, 34, 34, 34, 34
ch008, 34, 34, 34, 34
ch009, 34, 34, 34, 34
ch010, 33, 33, 33, 33
ch011, 33, 33, 33, 33
ch012, x, x, x, x
ch013, x, x, x, x
ch014, x, x, x, x
</cck>

<ofdm, o6, o9, o12, o18, o24, o36, o48, o54>
ch001, 28, 28, 28, 28, 28, 28, 28, 28
ch002, 28, 28, 28, 28, 28, 28, 28, 28
ch003, 31, 31, 31, 31, 31, 31, 31, 31
ch004, 31, 31, 31, 31, 31, 31, 31, 31
ch005, 31, 31, 31, 31, 31, 31, 31, 31
ch006, 31, 31, 31, 31, 31, 31, 31, 31
ch007, 31, 31, 31, 31, 31, 31, 31, 31
ch008, 31, 31, 31, 31, 31, 31, 31, 31
ch009, 31, 31, 31, 31, 31, 31, 31, 31
ch010, 26, 26, 26, 26, 26, 26, 26, 26
ch011, 26, 26, 26, 26, 26, 26, 26, 26
ch012, x, x, x, x, x, x, x, x
ch013, x, x, x, x, x, x, x, x
ch014, x, x, x, x, x, x, x, x
ch036, 15, 15, 15, 15, 15, 15, 15, 15
ch038, 15, 15, 15, 15, 15, 15, 15, 15
ch040, 15, 15, 15, 15, 15, 15, 15, 15
ch042, 15, 15, 15, 15, 15, 15, 15, 15
ch044, 15, 15, 15, 15, 15, 15, 15, 15
ch046, 15, 15, 15, 15, 15, 15, 15, 15
ch048, 15, 15, 15, 15, 15, 15, 15, 15
ch050, x, x, x, x, x, x, x, x
ch052, 28, 28, 28, 28, 28, 28, 28, 28
ch054, 28, 28, 28, 28, 28, 28, 28, 28
ch056, 28, 28, 28, 28, 28, 28, 28, 28
ch058, 28, 28, 28, 28, 28, 28, 28, 28
ch060, 29, 29, 29, 29, 29, 29, 29, 29
ch062, 29, 29, 29, 29, 29, 29, 29, 29
ch064, 29, 29, 29, 29, 29, 29, 29, 29
ch100, 28, 28, 28, 28, 28, 28, 28, 28
ch102, 28, 28, 28, 28, 28, 28, 28, 28
ch104, 28, 28, 28, 28, 28, 28, 28, 28
ch106, 28, 28, 28, 28, 28, 28, 28, 28
ch108, 28, 28, 28, 28, 28, 28, 28, 28
ch110, 28, 28, 28, 28, 28, 28, 28, 28
ch112, 29, 29, 29, 29, 29, 29, 29, 29
ch114, x, x, x, x, x, x, x, x
ch116, 29, 29, 29, 29, 29, 29, 29, 29
ch118, x, x, x, x, x, x, x, x
ch120, x, x, x, x, x, x, x, x
ch122, x, x, x, x, x, x, x, x
ch124, x, x, x, x, x, x, x, x
ch126, x, x, x, x, x, x, x, x
ch128, x, x, x, x, x, x, x, x
ch132, 28, 28, 28, 28, 28, 28, 28, 28
ch134, 28, 28, 28, 28, 28, 28, 28, 28
ch136, 28, 28, 28, 28, 28, 28, 28, 28
ch138, 28, 28, 28, 28, 28, 28, 28, 28
ch140, 28, 28, 28, 28, 28, 28, 28, 28
ch142, 29, 29, 29, 29, 29, 29, 29, 29
ch144, 29, 29, 29, 29, 29, 29, 29, 29
ch149, 33, 33, 33, 33, 33, 33, 33, 33
ch151, 33, 33, 33, 33, 33, 33, 33, 33
ch153, 33, 33, 33, 33, 33, 33, 33, 33
ch155, 33, 33, 33, 33, 33, 33, 33, 33
ch157, 33, 33, 33, 33, 33, 33, 33, 33
ch159, 33, 33, 33, 33, 33, 33, 33, 33
ch161, 33, 33, 33, 33, 33, 33, 33, 33
ch165, 33, 33, 33, 33, 33, 33, 33, 33
</ofdm>

<ht20, m0, m1, m2, m3, m4, m5, m6, m7>
ch001, 29, 29, 29, 29, 29, 29, 29, 29
ch002, 29, 29, 29, 29, 29, 29, 29, 29
ch003, 29, 29, 29, 29, 29, 29, 29, 29
ch004, 29, 29, 29, 29, 29, 29, 29, 29
ch005, 29, 29, 29, 29, 29, 29, 29, 29
ch006, 29, 29, 29, 29, 29, 29, 29, 29
ch007, 29, 29, 29, 29, 29, 29, 29, 29
ch008, 29, 29, 29, 29, 29, 29, 29, 29
ch009, 29, 29, 29, 29, 29, 29, 29, 29
ch010, 24, 24, 24, 24, 24, 24, 24, 24
ch011, 24, 24, 24, 24, 24, 24, 24, 24
ch012, x, x, x, x, x, x, x, x
ch013, x, x, x, x, x, x, x, x
ch014, x, x, x, x, x, x, x, x
ch036, 17, 17, 17, 17, 17, 17, 17, 17
ch038, 17, 17, 17, 17, 17, 17, 17, 17
ch040, 17, 17, 17, 17, 17, 17, 17, 17
ch042, 17, 17, 17, 17, 17, 17, 17, 17
ch044, 17, 17, 17, 17, 17, 17, 17, 17
ch046, 17, 17, 17, 17, 17, 17, 17, 17
ch048, 17, 17, 17, 17, 17, 17, 17, 17
ch050, x, x, x, x, x, x, x, x
ch052, 29, 29, 29, 29, 29, 29, 29, 29
ch054, 29, 29, 29, 29, 29, 29, 29, 29
ch056, 29, 29, 29, 29, 29, 29, 29, 29
ch058, 29, 29, 29, 29, 29, 29, 29, 29
ch060, 29, 29, 29, 29, 29, 29, 29, 29
ch062, 29, 29, 29, 29, 29, 29, 29, 29
ch064, 29, 29, 29, 29, 29, 29, 29, 29
ch100, 29, 29, 29, 29, 29, 29, 29, 29
ch102, 29, 29, 29, 29, 29, 29, 29, 29
ch104, 29, 29, 29, 29, 29, 29, 29, 29
ch106, 29, 29, 29, 29, 29, 29, 29, 29
ch108, 29, 29, 29, 29, 29, 29, 29, 29
ch110, 29, 29, 29, 29, 29, 29, 29, 29
ch112, 29, 29, 29, 29, 29, 29, 29, 29
ch114, x, x, x, x, x, x, x, x
ch116, 29, 29, 29, 29, 29, 29, 29, 29
ch118, x, x, x, x, x, x, x, x
ch120, x, x, x, x, x, x, x, x
ch122, x, x, x, x, x, x, x, x
ch124, x, x, x, x, x, x, x, x
ch126, x, x, x, x, x, x, x, x
ch128, x, x, x, x, x, x, x, x
ch132, 29, 29, 29, 29, 29, 29, 29, 29
ch134, 29, 29, 29, 29, 29, 29, 29, 29
ch136, 29, 29, 29, 29, 29, 29, 29, 29
ch138, 29, 29, 29, 29, 29, 29, 29, 29
ch140, 29, 29, 29, 29, 29, 29, 29, 29
ch142, 29, 29, 29, 29, 29, 29, 29, 29
ch144, 29, 29, 29, 29, 29, 29, 29, 29
ch149, 29, 29, 29, 29, 29, 29, 29, 29
ch151, 29, 29, 29, 29, 29, 29, 29, 29
ch153, 29, 29, 29, 29, 29, 29, 29, 29
ch155, 29, 29, 29, 29, 29, 29, 29, 29
ch157, 29, 29, 29, 29, 29, 29, 29, 29
ch159, 29, 29, 29, 29, 29, 29, 29, 29
ch161, 29, 29, 29, 29, 29, 29, 29, 29
ch165, 29, 29, 29, 29, 29, 29, 29, 29
</ht20>

<ht40, m0, m1, m2, m3, m4, m5, m6, m7> 
ch038, 21, 21, 21, 21, 21, 21, 21, 21
ch042, 21, 21, 21, 21, 21, 21, 21, 21
ch046, 21, 21, 21, 21, 21, 21, 21, 21
ch050, x, x, x, x, x, x, x, x
ch054, 29, 29, 29, 29, 29, 29, 29, 29
ch058, 27, 27, 27, 27, 27, 27, 27, 27
ch062, 27, 27, 27, 27, 27, 27, 27, 27
ch102, 29, 29, 29, 29, 29, 29, 29, 29
ch106, 29, 29, 29, 29, 29, 29, 29, 29
ch110, 29, 29, 29, 29, 29, 29, 29, 29
ch114, x, x, x, x, x, x, x, x
ch118, x, x, x, x, x, x, x, x
ch122, x, x, x, x, x, x, x, x
ch126, x, x, x, x, x, x, x, x
ch134, 29, 29, 29, 29, 29, 29, 29, 29
ch138, 29, 29, 29, 29, 29, 29, 29, 29
ch142, 29, 29, 29, 29, 29, 29, 29, 29
ch151, 29, 29, 29, 29, 29, 29, 29, 29
ch155, 29, 29, 29, 29, 29, 29, 29, 29
ch159, 29, 29, 29, 29, 29, 29, 29, 29
</ht40>

<vht20, m0, m1, m2, m3, m4, m5, m6, m7, m8, m9>
ch001, 29, 29, 29, 29, 29, 29, 29, 29, 29, 29
ch002, 29, 29, 29, 29, 29, 29, 29, 29, 29, 29
ch003, 29, 29, 29, 29, 29, 29, 29, 29, 29, 29
ch004, 29, 29, 29, 29, 29, 29, 29, 29, 29, 29
ch005, 29, 29, 29, 29, 29, 29, 29, 29, 29, 29
ch006, 29, 29, 29, 29, 29, 29, 29, 29, 29, 29
ch007, 29, 29, 29, 29, 29, 29, 29, 29, 29, 29
ch008, 29, 29, 29, 29, 29, 29, 29, 29, 29, 29
ch009, 29, 29, 29, 29, 29, 29, 29, 29, 29, 29
ch010, 24, 24, 24, 24, 24, 24, 24, 24, 24, 24
ch011, 24, 24, 24, 24, 24, 24, 24, 24, 24, 24
ch012, x, x, x, x, x, x, x, x, x, x
ch013, x, x, x, x, x, x, x, x, x, x
ch014, x, x, x, x, x, x, x, x, x, x
ch036, 17, 17, 17, 17, 17, 17, 17, 17, 17, 17
ch038, 17, 17, 17, 17, 17, 17, 17, 17, 17, 17
ch040, 17, 17, 17, 17, 17, 17, 17, 17, 17, 17
ch042, 17, 17, 17, 17, 17, 17, 17, 17, 17, 17
ch044, 17, 17, 17, 17, 17, 17, 17, 17, 17, 17
ch046, 17, 17, 17, 17, 17, 17, 17, 17, 17, 17
ch048, 17, 17, 17, 17, 17, 17, 17, 17, 17, 17
ch050, x, x, x, x, x, x, x, x, x, x
ch052, 29, 29, 29, 29, 29, 29, 29, 29, 29, 29
ch054, 29, 29, 29, 29, 29, 29, 29, 29, 29, 29
ch056, 29, 29, 29, 29, 29, 29, 29, 29, 29, 29
ch058, 29, 29, 29, 29, 29, 29, 29, 29, 29, 29
ch060, 29, 29, 29, 29, 29, 29, 29, 29, 29, 29
ch062, 29, 29, 29, 29, 29, 29, 29, 29, 29, 29
ch064, 29, 29, 29, 29, 29, 29, 29, 29, 29, 29
ch100, 29, 29, 29, 29, 29, 29, 29, 29, 29, 29
ch102, 29, 29, 29, 29, 29, 29, 29, 29, 29, 29
ch104, 29, 29, 29, 29, 29, 29, 29, 29, 29, 29
ch106, 29, 29, 29, 29, 29, 29, 29, 29, 29, 29
ch108, 29, 29, 29, 29, 29, 29, 29, 29, 29, 29
ch110, 29, 29, 29, 29, 29, 29, 29, 29, 29, 29
ch112, 29, 29, 29, 29, 29, 29, 29, 29, 29, 29
ch114, x, x, x, x, x, x, x, x, x, x
ch116, 29, 29, 29, 29, 29, 29, 29, 29, 29, 29
ch118, x, x, x, x, x, x, x, x, x, x
ch120, x, x, x, x, x, x, x, x, x, x
ch122, x, x, x, x, x, x, x, x, x, x
ch124, x, x, x, x, x, x, x, x, x, x
ch126, x, x, x, x, x, x, x, x, x, x
ch128, x, x, x, x, x, x, x, x, x, x
ch132, 29, 29, 29, 29, 29, 29, 29, 29, 29, 29
ch134, 29, 29, 29, 29, 29, 29, 29, 29, 29, 29
ch136, 29, 29, 29, 29, 29, 29, 29, 29, 29, 29
ch138, 29, 29, 29, 29, 29, 29, 29, 29, 29, 29
ch140, 29, 29, 29, 29, 29, 29, 29, 29, 29, 29
ch142, 29, 29, 29, 29, 29, 29, 29, 29, 29, 29
ch144, 29, 29, 29, 29, 29, 29, 29, 29, 29, 29
ch149, 29, 29, 29, 29, 29, 29, 29, 29, 29, 29
ch151, 29, 29, 29, 29, 29, 29, 29, 29, 29, 29
ch153, 29, 29, 29, 29, 29, 29, 29, 29, 29, 29
ch155, 29, 29, 29, 29, 29, 29, 29, 29, 29, 29
ch157, 29, 29, 29, 29, 29, 29, 29, 29, 29, 29
ch159, 29, 29, 29, 29, 29, 29, 29, 29, 29, 29
ch161, 29, 29, 29, 29, 29, 29, 29, 29, 29, 29
ch165, 29, 29, 29, 29, 29, 29, 29, 29, 29, 29
</vht20>

<vht40, m0, m1, m2, m3, m4, m5, m6, m7, m8, m9>
ch038, 21, 21, 21, 21, 21, 21, 21, 21, 21, 21
ch042, 21, 21, 21, 21, 21, 21, 21, 21, 21, 21
ch046, 21, 21, 21, 21, 21, 21, 21, 21, 21, 21
ch050, x, x, x, x, x, x, x, x, x, x
ch054, 29, 29, 29, 29, 29, 29, 29, 29, 29, 29
ch058, 27, 27, 27, 27, 27, 27, 27, 27, 27, 27
ch062, 27, 27, 27, 27, 27, 27, 27, 27, 27, 27
ch102, 29, 29, 29, 29, 29, 29, 29, 29, 29, 29
ch106, 29, 29, 29, 29, 29, 29, 29, 29, 29, 29
ch110, 29, 29, 29, 29, 29, 29, 29, 29, 29, 29
ch114, x, x, x, x, x, x, x, x, x, x
ch118, x, x, x, x, x, x, x, x, x, x
ch122, x, x, x, x, x, x, x, x, x, x
ch126, x, x, x, x, x, x, x, x, x, x
ch134, 29, 29, 29, 29, 29, 29, 29, 29, 29, 29
ch138, 29, 29, 29, 29, 29, 29, 29, 29, 29, 29
ch142, 29, 29, 29, 29, 29, 29, 29, 29, 29, 29
ch151, 29, 29, 29, 29, 29, 29, 29, 29, 29, 29
ch155, 29, 29, 29, 29, 29, 29, 29, 29, 29, 29
ch159, 29, 29, 29, 29, 29, 29, 29, 29, 29, 29
</vht40>

<vht80, m0, m1, m2, m3, m4, m5, m6, m7, m8, m9> 
ch042, 22, 22, 22, 22, 22, 22, 22, 22, 22, 22
ch050, x, x, x, x, x, x, x, x, x, x
ch058, 19, 19, 19, 19, 19, 19, 19, 19, 19, 19
ch106, 27, 27, 27, 27, 27, 27, 27, 27, 27, 27
ch114, x, x, x, x, x, x, x, x, x, x
ch122, x, x, x, x, x, x, x, x, x, x
ch138, 29, 29, 29, 29, 29, 29, 29, 29, 29, 29
ch155, 29, 29, 29, 29, 29, 29, 29, 29, 29, 29
</vht80>

<ru26, m0, m1, m2, m3, m4, m5, m6, m7, m8, m9, m10, m11>
ch001, 13, 13, 13, 13, 13, 13, 13, 13, 13, 13, 13, 13
ch002, 13, 13, 13, 13, 13, 13, 13, 13, 13, 13, 13, 13
ch003, 13, 13, 13, 13, 13, 13, 13, 13, 13, 13, 13, 13
ch004, 13, 13, 13, 13, 13, 13, 13, 13, 13, 13, 13, 13
ch005, 13, 13, 13, 13, 13, 13, 13, 13, 13, 13, 13, 13
ch006, 13, 13, 13, 13, 13, 13, 13, 13, 13, 13, 13, 13
ch007, 13, 13, 13, 13, 13, 13, 13, 13, 13, 13, 13, 13
ch008, 13, 13, 13, 13, 13, 13, 13, 13, 13, 13, 13, 13
ch009, 13, 13, 13, 13, 13, 13, 13, 13, 13, 13, 13, 13
ch010, 5, 5, 5, 5, 5, 5, 5, 5, 5, 5, 5, 5
ch011, 5, 5, 5, 5, 5, 5, 5, 5, 5, 5, 5, 5
ch012, x, x, x, x, x, x, x, x, x, x, x, x
ch013, x, x, x, x, x, x, x, x, x, x, x, x
ch014, x, x, x, x, x, x, x, x, x, x, x, x
ch036, -1, -1, -1, -1, -1, -1, -1, -1, -1, -1, -1, -1
ch038, -1, -1, -1, -1, -1, -1, -1, -1, -1, -1, -1, -1
ch040, -1, -1, -1, -1, -1, -1, -1, -1, -1, -1, -1, -1
ch042, -1, -1, -1, -1, -1, -1, -1, -1, -1, -1, -1, -1
ch044, 0, 0, 0, 0, 0, 0, 0, 0, 0, 0, 0, 0
ch046, 0, 0, 0, 0, 0, 0, 0, 0, 0, 0, 0, 0
ch048, -1, -1, -1, -1, -1, -1, -1, -1, -1, -1, -1, -1
ch050, x, x, x, x, x, x, x, x, x, x, x, x
ch052, 12, 12, 12, 12, 12, 12, 12, 12, 12, 12, 12, 12
ch054, 12, 12, 12, 12, 12, 12, 12, 12, 12, 12, 12, 12
ch056, 12, 12, 12, 12, 12, 12, 12, 12, 12, 12, 12, 12
ch058, 12, 12, 12, 12, 12, 12, 12, 12, 12, 12, 12, 12
ch060, 13, 13, 13, 13, 13, 13, 13, 13, 13, 13, 13, 13
ch062, 13, 13, 13, 13, 13, 13, 13, 13, 13, 13, 13, 13
ch064, 12, 12, 12, 12, 12, 12, 12, 12, 12, 12, 12, 12
ch100, 12, 12, 12, 12, 12, 12, 12, 12, 12, 12, 12, 12
ch102, 12, 12, 12, 12, 12, 12, 12, 12, 12, 12, 12, 12
ch104, 12, 12, 12, 12, 12, 12, 12, 12, 12, 12, 12, 12
ch106, 12, 12, 12, 12, 12, 12, 12, 12, 12, 12, 12, 12
ch108, 12, 12, 12, 12, 12, 12, 12, 12, 12, 12, 12, 12
ch110, 12, 12, 12, 12, 12, 12, 12, 12, 12, 12, 12, 12
ch112, 14, 14, 14, 14, 14, 14, 14, 14, 14, 14, 14, 14
ch114, x, x, x, x, x, x, x, x, x, x, x, x
ch116, 14, 14, 14, 14, 14, 14, 14, 14, 14, 14, 14, 14
ch118, x, x, x, x, x, x, x, x, x, x, x, x
ch120, x, x, x, x, x, x, x, x, x, x, x, x
ch122, x, x, x, x, x, x, x, x, x, x, x, x
ch124, x, x, x, x, x, x, x, x, x, x, x, x
ch126, x, x, x, x, x, x, x, x, x, x, x, x
ch128, x, x, x, x, x, x, x, x, x, x, x, x
ch132, 12, 12, 12, 12, 12, 12, 12, 12, 12, 12, 12, 12
ch134, 12, 12, 12, 12, 12, 12, 12, 12, 12, 12, 12, 12
ch136, 12, 12, 12, 12, 12, 12, 12, 12, 12, 12, 12, 12
ch138, 12, 12, 12, 12, 12, 12, 12, 12, 12, 12, 12, 12
ch140, 12, 12, 12, 12, 12, 12, 12, 12, 12, 12, 12, 12
ch142, 12, 12, 12, 12, 12, 12, 12, 12, 12, 12, 12, 12
ch144, 12, 12, 12, 12, 12, 12, 12, 12, 12, 12, 12, 12
ch149, 11, 11, 11, 11, 11, 11, 11, 11, 11, 11, 11, 11
ch151, 11, 11, 11, 11, 11, 11, 11, 11, 11, 11, 11, 11
ch153, 11, 11, 11, 11, 11, 11, 11, 11, 11, 11, 11, 11
ch155, 12, 12, 12, 12, 12, 12, 12, 12, 12, 12, 12, 12
ch157, 12, 12, 12, 12, 12, 12, 12, 12, 12, 12, 12, 12
ch159, 11, 11, 11, 11, 11, 11, 11, 11, 11, 11, 11, 11
ch161, 11, 11, 11, 11, 11, 11, 11, 11, 11, 11, 11, 11
ch165, 11, 11, 11, 11, 11, 11, 11, 11, 11, 11, 11, 11
</ru26>

<ru52, m0, m1, m2, m3, m4, m5, m6, m7, m8, m9, m10, m11>
ch001, 20, 20, 20, 20, 20, 20, 20, 20, 20, 20, 20, 20
ch002, 20, 20, 20, 20, 20, 20, 20, 20, 20, 20, 20, 20
ch003, 20, 20, 20, 20, 20, 20, 20, 20, 20, 20, 20, 20
ch004, 20, 20, 20, 20, 20, 20, 20, 20, 20, 20, 20, 20
ch005, 20, 20, 20, 20, 20, 20, 20, 20, 20, 20, 20, 20
ch006, 20, 20, 20, 20, 20, 20, 20, 20, 20, 20, 20, 20
ch007, 20, 20, 20, 20, 20, 20, 20, 20, 20, 20, 20, 20
ch008, 20, 20, 20, 20, 20, 20, 20, 20, 20, 20, 20, 20
ch009, 20, 20, 20, 20, 20, 20, 20, 20, 20, 20, 20, 20
ch010, 11, 11, 11, 11, 11, 11, 11, 11, 11, 11, 11, 11
ch011, 11, 11, 11, 11, 11, 11, 11, 11, 11, 11, 11, 11
ch012, x, x, x, x, x, x, x, x, x, x, x, x
ch013, x, x, x, x, x, x, x, x, x, x, x, x
ch014, x, x, x, x, x, x, x, x, x, x, x, x
ch036, 4, 4, 4, 4, 4, 4, 4, 4, 4, 4, 4, 4
ch038, 4, 4, 4, 4, 4, 4, 4, 4, 4, 4, 4, 4
ch040, 4, 4, 4, 4, 4, 4, 4, 4, 4, 4, 4, 4
ch042, 4, 4, 4, 4, 4, 4, 4, 4, 4, 4, 4, 4
ch044, 4, 4, 4, 4, 4, 4, 4, 4, 4, 4, 4, 4
ch046, 4, 4, 4, 4, 4, 4, 4, 4, 4, 4, 4, 4
ch048, 4, 4, 4, 4, 4, 4, 4, 4, 4, 4, 4, 4
ch050, x, x, x, x, x, x, x, x, x, x, x, x
ch052, 17, 17, 17, 17, 17, 17, 17, 17, 17, 17, 17, 17
ch054, 17, 17, 17, 17, 17, 17, 17, 17, 17, 17, 17, 17
ch056, 17, 17, 17, 17, 17, 17, 17, 17, 17, 17, 17, 17
ch058, 17, 17, 17, 17, 17, 17, 17, 17, 17, 17, 17, 17
ch060, 16, 16, 16, 16, 16, 16, 16, 16, 16, 16, 16, 16
ch062, 16, 16, 16, 16, 16, 16, 16, 16, 16, 16, 16, 16
ch064, 17, 17, 17, 17, 17, 17, 17, 17, 17, 17, 17, 17
ch100, 17, 17, 17, 17, 17, 17, 17, 17, 17, 17, 17, 17
ch102, 17, 17, 17, 17, 17, 17, 17, 17, 17, 17, 17, 17
ch104, 17, 17, 17, 17, 17, 17, 17, 17, 17, 17, 17, 17
ch106, 17, 17, 17, 17, 17, 17, 17, 17, 17, 17, 17, 17
ch108, 17, 17, 17, 17, 17, 17, 17, 17, 17, 17, 17, 17
ch110, 17, 17, 17, 17, 17, 17, 17, 17, 17, 17, 17, 17
ch112, 18, 18, 18, 18, 18, 18, 18, 18, 18, 18, 18, 18
ch114, x, x, x, x, x, x, x, x, x, x, x, x
ch116, 18, 18, 18, 18, 18, 18, 18, 18, 18, 18, 18, 18
ch118, x, x, x, x, x, x, x, x, x, x, x, x
ch120, x, x, x, x, x, x, x, x, x, x, x, x
ch122, x, x, x, x, x, x, x, x, x, x, x, x
ch124, x, x, x, x, x, x, x, x, x, x, x, x
ch126, x, x, x, x, x, x, x, x, x, x, x, x
ch128, x, x, x, x, x, x, x, x, x, x, x, x
ch132, 18, 18, 18, 18, 18, 18, 18, 18, 18, 18, 18, 18
ch134, 18, 18, 18, 18, 18, 18, 18, 18, 18, 18, 18, 18
ch136, 18, 18, 18, 18, 18, 18, 18, 18, 18, 18, 18, 18
ch138, 18, 18, 18, 18, 18, 18, 18, 18, 18, 18, 18, 18
ch140, 18, 18, 18, 18, 18, 18, 18, 18, 18, 18, 18, 18
ch142, 18, 18, 18, 18, 18, 18, 18, 18, 18, 18, 18, 18
ch144, 18, 18, 18, 18, 18, 18, 18, 18, 18, 18, 18, 18
ch149, 17, 17, 17, 17, 17, 17, 17, 17, 17, 17, 17, 17
ch151, 17, 17, 17, 17, 17, 17, 17, 17, 17, 17, 17, 17
ch153, 17, 17, 17, 17, 17, 17, 17, 17, 17, 17, 17, 17
ch155, 17, 17, 17, 17, 17, 17, 17, 17, 17, 17, 17, 17
ch157, 17, 17, 17, 17, 17, 17, 17, 17, 17, 17, 17, 17
ch159, 17, 17, 17, 17, 17, 17, 17, 17, 17, 17, 17, 17
ch161, 17, 17, 17, 17, 17, 17, 17, 17, 17, 17, 17, 17
ch165, 17, 17, 17, 17, 17, 17, 17, 17, 17, 17, 17, 17
</ru52>

<ru106, m0, m1, m2, m3, m4, m5, m6, m7, m8, m9, m10, m11>
ch001, 25, 25, 25, 25, 25, 25, 25, 25, 25, 25, 25, 25
ch002, 25, 25, 25, 25, 25, 25, 25, 25, 25, 25, 25, 25
ch003, 25, 25, 25, 25, 25, 25, 25, 25, 25, 25, 25, 25
ch004, 25, 25, 25, 25, 25, 25, 25, 25, 25, 25, 25, 25
ch005, 25, 25, 25, 25, 25, 25, 25, 25, 25, 25, 25, 25
ch006, 25, 25, 25, 25, 25, 25, 25, 25, 25, 25, 25, 25
ch007, 25, 25, 25, 25, 25, 25, 25, 25, 25, 25, 25, 25
ch008, 25, 25, 25, 25, 25, 25, 25, 25, 25, 25, 25, 25
ch009, 25, 25, 25, 25, 25, 25, 25, 25, 25, 25, 25, 25
ch010, 17, 17, 17, 17, 17, 17, 17, 17, 17, 17, 17, 17
ch011, 17, 17, 17, 17, 17, 17, 17, 17, 17, 17, 17, 17
ch012, x, x, x, x, x, x, x, x, x, x, x, x
ch013, x, x, x, x, x, x, x, x, x, x, x, x
ch014, x, x, x, x, x, x, x, x, x, x, x, x
ch036, 10, 10, 10, 10, 10, 10, 10, 10, 10, 10, 10, 10
ch038, 10, 10, 10, 10, 10, 10, 10, 10, 10, 10, 10, 10
ch040, 10, 10, 10, 10, 10, 10, 10, 10, 10, 10, 10, 10
ch042, 10, 10, 10, 10, 10, 10, 10, 10, 10, 10, 10, 10
ch044, 10, 10, 10, 10, 10, 10, 10, 10, 10, 10, 10, 10
ch046, 10, 10, 10, 10, 10, 10, 10, 10, 10, 10, 10, 10
ch048, 10, 10, 10, 10, 10, 10, 10, 10, 10, 10, 10, 10
ch050, x, x, x, x, x, x, x, x, x, x, x, x
ch052, 23, 23, 23, 23, 23, 23, 23, 23, 23, 23, 23, 23
ch054, 23, 23, 23, 23, 23, 23, 23, 23, 23, 23, 23, 23
ch056, 23, 23, 23, 23, 23, 23, 23, 23, 23, 23, 23, 23
ch058, 23, 23, 23, 23, 23, 23, 23, 23, 23, 23, 23, 23
ch060, 21, 21, 21, 21, 21, 21, 21, 21, 21, 21, 21, 21
ch062, 21, 21, 21, 21, 21, 21, 21, 21, 21, 21, 21, 21
ch064, 23, 23, 23, 23, 23, 23, 23, 23, 23, 23, 23, 23
ch100, 23, 23, 23, 23, 23, 23, 23, 23, 23, 23, 23, 23
ch102, 23, 23, 23, 23, 23, 23, 23, 23, 23, 23, 23, 23
ch104, 23, 23, 23, 23, 23, 23, 23, 23, 23, 23, 23, 23
ch106, 23, 23, 23, 23, 23, 23, 23, 23, 23, 23, 23, 23
ch108, 23, 23, 23, 23, 23, 23, 23, 23, 23, 23, 23, 23
ch110, 23, 23, 23, 23, 23, 23, 23, 23, 23, 23, 23, 23
ch112, 24, 24, 24, 24, 24, 24, 24, 24, 24, 24, 24, 24
ch114, x, x, x, x, x, x, x, x, x, x, x, x
ch116, 24, 24, 24, 24, 24, 24, 24, 24, 24, 24, 24, 24
ch118, x, x, x, x, x, x, x, x, x, x, x, x
ch120, x, x, x, x, x, x, x, x, x, x, x, x
ch122, x, x, x, x, x, x, x, x, x, x, x, x
ch124, x, x, x, x, x, x, x, x, x, x, x, x
ch126, x, x, x, x, x, x, x, x, x, x, x, x
ch128, x, x, x, x, x, x, x, x, x, x, x, x
ch132, 23, 23, 23, 23, 23, 23, 23, 23, 23, 23, 23, 23
ch134, 23, 23, 23, 23, 23, 23, 23, 23, 23, 23, 23, 23
ch136, 23, 23, 23, 23, 23, 23, 23, 23, 23, 23, 23, 23
ch138, 23, 23, 23, 23, 23, 23, 23, 23, 23, 23, 23, 23
ch140, 23, 23, 23, 23, 23, 23, 23, 23, 23, 23, 23, 23
ch142, 23, 23, 23, 23, 23, 23, 23, 23, 23, 23, 23, 23
ch144, 23, 23, 23, 23, 23, 23, 23, 23, 23, 23, 23, 23
ch149, 22, 22, 22, 22, 22, 22, 22, 22, 22, 22, 22, 22
ch151, 22, 22, 22, 22, 22, 22, 22, 22, 22, 22, 22, 22
ch153, 22, 22, 22, 22, 22, 22, 22, 22, 22, 22, 22, 22
ch155, 23, 23, 23, 23, 23, 23, 23, 23, 23, 23, 23, 23
ch157, 23, 23, 23, 23, 23, 23, 23, 23, 23, 23, 23, 23
ch159, 22, 22, 22, 22, 22, 22, 22, 22, 22, 22, 22, 22
ch161, 22, 22, 22, 22, 22, 22, 22, 22, 22, 22, 22, 22
ch165, 22, 22, 22, 22, 22, 22, 22, 22, 22, 22, 22, 22
</ru106>

<ru242, m0, m1, m2, m3, m4, m5, m6, m7, m8, m9, m10, m11>
ch001, 29, 29, 29, 29, 29, 29, 29, 29, 29, 29, 29, 29
ch002, 29, 29, 29, 29, 29, 29, 29, 29, 29, 29, 29, 29
ch003, 29, 29, 29, 29, 29, 29, 29, 29, 29, 29, 29, 29
ch004, 29, 29, 29, 29, 29, 29, 29, 29, 29, 29, 29, 29
ch005, 29, 29, 29, 29, 29, 29, 29, 29, 29, 29, 29, 29
ch006, 29, 29, 29, 29, 29, 29, 29, 29, 29, 29, 29, 29
ch007, 29, 29, 29, 29, 29, 29, 29, 29, 29, 29, 29, 29
ch008, 29, 29, 29, 29, 29, 29, 29, 29, 29, 29, 29, 29
ch009, 29, 29, 29, 29, 29, 29, 29, 29, 29, 29, 29, 29
ch010, 23, 23, 23, 23, 23, 23, 23, 23, 23, 23, 23, 23
ch011, 23, 23, 23, 23, 23, 23, 23, 23, 23, 23, 23, 23
ch012, x, x, x, x, x, x, x, x, x, x, x, x
ch013, x, x, x, x, x, x, x, x, x, x, x, x
ch014, x, x, x, x, x, x, x, x, x, x, x, x
ch036, 16, 16, 16, 16, 16, 16, 16, 16, 16, 16, 16, 16
ch038, 15, 15, 15, 15, 15, 15, 15, 15, 15, 15, 15, 15
ch040, 16, 16, 16, 16, 16, 16, 16, 16, 16, 16, 16, 16
ch042, 15, 15, 15, 15, 15, 15, 15, 15, 15, 15, 15, 15
ch044, 16, 16, 16, 16, 16, 16, 16, 16, 16, 16, 16, 16
ch046, 15, 15, 15, 15, 15, 15, 15, 15, 15, 15, 15, 15
ch048, 16, 16, 16, 16, 16, 16, 16, 16, 16, 16, 16, 16
ch050, x, x, x, x, x, x, x, x, x, x, x, x
ch052, 29, 29, 29, 29, 29, 29, 29, 29, 29, 29, 29, 29
ch054, 24, 24, 24, 24, 24, 24, 24, 24, 24, 24, 24, 24
ch056, 29, 29, 29, 29, 29, 29, 29, 29, 29, 29, 29, 29
ch058, 22, 22, 22, 22, 22, 22, 22, 22, 22, 22, 22, 22
ch060, 29, 29, 29, 29, 29, 29, 29, 29, 29, 29, 29, 29
ch062, 22, 22, 22, 22, 22, 22, 22, 22, 22, 22, 22, 22
ch064, 29, 29, 29, 29, 29, 29, 29, 29, 29, 29, 29, 29
ch100, 29, 29, 29, 29, 29, 29, 29, 29, 29, 29, 29, 29
ch102, 24, 24, 24, 24, 24, 24, 24, 24, 24, 24, 24, 24
ch104, 29, 29, 29, 29, 29, 29, 29, 29, 29, 29, 29, 29
ch106, 24, 24, 24, 24, 24, 24, 24, 24, 24, 24, 24, 24
ch108, 29, 29, 29, 29, 29, 29, 29, 29, 29, 29, 29, 29
ch110, 25, 25, 25, 25, 25, 25, 25, 25, 25, 25, 25, 25
ch112, 29, 29, 29, 29, 29, 29, 29, 29, 29, 29, 29, 29
ch114, x, x, x, x, x, x, x, x, x, x, x, x
ch116, 29, 29, 29, 29, 29, 29, 29, 29, 29, 29, 29, 29
ch118, x, x, x, x, x, x, x, x, x, x, x, x
ch120, x, x, x, x, x, x, x, x, x, x, x, x
ch122, x, x, x, x, x, x, x, x, x, x, x, x
ch124, x, x, x, x, x, x, x, x, x, x, x, x
ch126, x, x, x, x, x, x, x, x, x, x, x, x
ch128, x, x, x, x, x, x, x, x, x, x, x, x
ch132, 29, 29, 29, 29, 29, 29, 29, 29, 29, 29, 29, 29
ch134, 24, 24, 24, 24, 24, 24, 24, 24, 24, 24, 24, 24
ch136, 29, 29, 29, 29, 29, 29, 29, 29, 29, 29, 29, 29
ch138, 24, 24, 24, 24, 24, 24, 24, 24, 24, 24, 24, 24
ch140, 29, 29, 29, 29, 29, 29, 29, 29, 29, 29, 29, 29
ch142, 25, 25, 25, 25, 25, 25, 25, 25, 25, 25, 25, 25
ch144, 29, 29, 29, 29, 29, 29, 29, 29, 29, 29, 29, 29
ch149, 29, 29, 29, 29, 29, 29, 29, 29, 29, 29, 29, 29
ch151, 24, 24, 24, 24, 24, 24, 24, 24, 24, 24, 24, 24
ch153, 29, 29, 29, 29, 29, 29, 29, 29, 29, 29, 29, 29
ch155, 24, 24, 24, 24, 24, 24, 24, 24, 24, 24, 24, 24
ch157, 29, 29, 29, 29, 29, 29, 29, 29, 29, 29, 29, 29
ch159, 24, 24, 24, 24, 24, 24, 24, 24, 24, 24, 24, 24
ch161, 29, 29, 29, 29, 29, 29, 29, 29, 29, 29, 29, 29
ch165, 29, 29, 29, 29, 29, 29, 29, 29, 29, 29, 29, 29
</ru242>

<ru484, m0, m1, m2, m3, m4, m5, m6, m7, m8, m9, m10, m11>
ch038, 20, 20, 20, 20, 20, 20, 20, 20, 20, 20, 20, 20
ch042, 19, 19, 19, 19, 19, 19, 19, 19, 19, 19, 19, 19
ch046, 20, 20, 20, 20, 20, 20, 20, 20, 20, 20, 20, 20
ch050, x, x, x, x, x, x, x, x, x, x, x, x
ch054, 29, 29, 29, 29, 29, 29, 29, 29, 29, 29, 29, 29
ch058, 15, 15, 15, 15, 15, 15, 15, 15, 15, 15, 15, 15
ch062, 27, 27, 27, 27, 27, 27, 27, 27, 27, 27, 27, 27
ch102, 29, 29, 29, 29, 29, 29, 29, 29, 29, 29, 29, 29
ch106, 24, 24, 24, 24, 24, 24, 24, 24, 24, 24, 24, 24
ch110, 29, 29, 29, 29, 29, 29, 29, 29, 29, 29, 29, 29
ch114, x, x, x, x, x, x, x, x, x, x, x, x
ch118, x, x, x, x, x, x, x, x, x, x, x, x
ch122, x, x, x, x, x, x, x, x, x, x, x, x
ch126, x, x, x, x, x, x, x, x, x, x, x, x
ch134, 29, 29, 29, 29, 29, 29, 29, 29, 29, 29, 29, 29
ch138, 26, 26, 26, 26, 26, 26, 26, 26, 26, 26, 26, 26
ch142, 29, 29, 29, 29, 29, 29, 29, 29, 29, 29, 29, 29
ch151, 29, 29, 29, 29, 29, 29, 29, 29, 29, 29, 29, 29
ch155, 23, 23, 23, 23, 23, 23, 23, 23, 23, 23, 23, 23
ch159, 29, 29, 29, 29, 29, 29, 29, 29, 29, 29, 29, 29
</ru484>

<ru996, m0, m1, m2, m3, m4, m5, m6, m7, m8, m9, m10, m11> 
ch042, 22, 22, 22, 22, 22, 22, 22, 22, 22, 22, 22, 22
ch050, x, x, x, x, x, x, x, x, x, x, x, x
ch058, 19, 19, 19, 19, 19, 19, 19, 19, 19, 19, 19, 19
ch106, 27, 27, 27, 27, 27, 27, 27, 27, 27, 27, 27, 27
ch114, x, x, x, x, x, x, x, x, x, x, x, x
ch122, x, x, x, x, x, x, x, x, x, x, x, x
ch138, 29, 29, 29, 29, 29, 29, 29, 29, 29, 29, 29, 29
ch155, 29, 29, 29, 29, 29, 29, 29, 29, 29, 29, 29, 29
</ru996>

[AU,NZ]
<cck,  c1, c2, c5, c11>
ch001, 11, 11, 11, 11
ch002, 11, 11, 11, 11
ch003, 11, 11, 11, 11
ch004, 11, 11, 11, 11
ch005, 11, 11, 11, 11
ch006, 11, 11, 11, 11
ch007, 11, 11, 11, 11
ch008, 11, 11, 11, 11
ch009, 11, 11, 11, 11
ch010, 11, 11, 11, 11
ch011, 11, 11, 11, 11
ch012, 11, 11, 11, 11
ch013, 11, 11, 11, 11
ch014, x, x, x, x
</cck>

<ofdm, o6, o9, o12, o18, o24, o36, o48, o54>
ch001, 15, 15, 15, 15, 15, 15, 15, 15
ch002, 15, 15, 15, 15, 15, 15, 15, 15
ch003, 15, 15, 15, 15, 15, 15, 15, 15
ch004, 15, 15, 15, 15, 15, 15, 15, 15
ch005, 15, 15, 15, 15, 15, 15, 15, 15
ch006, 15, 15, 15, 15, 15, 15, 15, 15
ch007, 15, 15, 15, 15, 15, 15, 15, 15
ch008, 15, 15, 15, 15, 15, 15, 15, 15
ch009, 15, 15, 15, 15, 15, 15, 15, 15
ch010, 15, 15, 15, 15, 15, 15, 15, 15
ch011, 15, 15, 15, 15, 15, 15, 15, 15
ch012, 15, 15, 15, 15, 15, 15, 15, 15
ch013, 15, 15, 15, 15, 15, 15, 15, 15
ch014, x, x, x, x, x, x, x, x
ch036, 22, 22, 22, 22, 22, 22, 22, 22
ch038, 22, 22, 22, 22, 22, 22, 22, 22
ch040, 22, 22, 22, 22, 22, 22, 22, 22
ch042, 22, 22, 22, 22, 22, 22, 22, 22
ch044, 22, 22, 22, 22, 22, 22, 22, 22
ch046, 22, 22, 22, 22, 22, 22, 22, 22
ch048, 22, 22, 22, 22, 22, 22, 22, 22
ch050, x, x, x, x, x, x, x, x
ch052, 14, 14, 14, 14, 14, 14, 14, 14
ch054, 14, 14, 14, 14, 14, 14, 14, 14
ch056, 14, 14, 14, 14, 14, 14, 14, 14
ch058, 14, 14, 14, 14, 14, 14, 14, 14
ch060, 14, 14, 14, 14, 14, 14, 14, 14
ch062, 14, 14, 14, 14, 14, 14, 14, 14
ch064, 14, 14, 14, 14, 14, 14, 14, 14
ch100, 15, 15, 15, 15, 15, 15, 15, 15
ch102, 15, 15, 15, 15, 15, 15, 15, 15
ch104, 15, 15, 15, 15, 15, 15, 15, 15
ch106, 15, 15, 15, 15, 15, 15, 15, 15
ch108, 15, 15, 15, 15, 15, 15, 15, 15
ch110, 15, 15, 15, 15, 15, 15, 15, 15
ch112, 15, 15, 15, 15, 15, 15, 15, 15
ch114, x, x, x, x, x, x, x, x
ch116, 15, 15, 15, 15, 15, 15, 15, 15
ch118, x, x, x, x, x, x, x, x
ch120, x, x, x, x, x, x, x, x
ch122, x, x, x, x, x, x, x, x
ch124, x, x, x, x, x, x, x, x
ch126, x, x, x, x, x, x, x, x
ch128, x, x, x, x, x, x, x, x
ch132, 15, 15, 15, 15, 15, 15, 15, 15
ch134, 15, 15, 15, 15, 15, 15, 15, 15
ch136, 15, 15, 15, 15, 15, 15, 15, 15
ch138, 15, 15, 15, 15, 15, 15, 15, 15
ch140, 15, 15, 15, 15, 15, 15, 15, 15
ch142, 15, 15, 15, 15, 15, 15, 15, 15
ch144, 30, 30, 30, 30, 30, 30, 30, 30
ch149, 33, 33, 33, 33, 33, 33, 33, 33
ch151, 33, 33, 33, 33, 33, 33, 33, 33
ch153, 33, 33, 33, 33, 33, 33, 33, 33
ch155, 33, 33, 33, 33, 33, 33, 33, 33
ch157, 33, 33, 33, 33, 33, 33, 33, 33
ch159, 33, 33, 33, 33, 33, 33, 33, 33
ch161, 33, 33, 33, 33, 33, 33, 33, 33
ch165, 33, 33, 33, 33, 33, 33, 33, 33
</ofdm>

<ht20, m0, m1, m2, m3, m4, m5, m6, m7>
ch001, 15, 15, 15, 15, 15, 15, 15, 15
ch002, 15, 15, 15, 15, 15, 15, 15, 15
ch003, 15, 15, 15, 15, 15, 15, 15, 15
ch004, 15, 15, 15, 15, 15, 15, 15, 15
ch005, 15, 15, 15, 15, 15, 15, 15, 15
ch006, 15, 15, 15, 15, 15, 15, 15, 15
ch007, 15, 15, 15, 15, 15, 15, 15, 15
ch008, 15, 15, 15, 15, 15, 15, 15, 15
ch009, 15, 15, 15, 15, 15, 15, 15, 15
ch010, 15, 15, 15, 15, 15, 15, 15, 15
ch011, 15, 15, 15, 15, 15, 15, 15, 15
ch012, 15, 15, 15, 15, 15, 15, 15, 15
ch013, 15, 15, 15, 15, 15, 15, 15, 15
ch014, x, x, x, x, x, x, x, x
ch036, 23, 23, 23, 23, 23, 23, 23, 23
ch038, 23, 23, 23, 23, 23, 23, 23, 23
ch040, 23, 23, 23, 23, 23, 23, 23, 23
ch042, 23, 23, 23, 23, 23, 23, 23, 23
ch044, 23, 23, 23, 23, 23, 23, 23, 23
ch046, 23, 23, 23, 23, 23, 23, 23, 23
ch048, 23, 23, 23, 23, 23, 23, 23, 23
ch050, x, x, x, x, x, x, x, x
ch052, 15, 15, 15, 15, 15, 15, 15, 15
ch054, 15, 15, 15, 15, 15, 15, 15, 15
ch056, 15, 15, 15, 15, 15, 15, 15, 15
ch058, 15, 15, 15, 15, 15, 15, 15, 15
ch060, 15, 15, 15, 15, 15, 15, 15, 15
ch062, 15, 15, 15, 15, 15, 15, 15, 15
ch064, 15, 15, 15, 15, 15, 15, 15, 15
ch100, 16, 16, 16, 16, 16, 16, 16, 16
ch102, 16, 16, 16, 16, 16, 16, 16, 16
ch104, 16, 16, 16, 16, 16, 16, 16, 16
ch106, 16, 16, 16, 16, 16, 16, 16, 16
ch108, 16, 16, 16, 16, 16, 16, 16, 16
ch110, 16, 16, 16, 16, 16, 16, 16, 16
ch112, 16, 16, 16, 16, 16, 16, 16, 16
ch114, x, x, x, x, x, x, x, x
ch116, 16, 16, 16, 16, 16, 16, 16, 16
ch118, x, x, x, x, x, x, x, x
ch120, x, x, x, x, x, x, x, x
ch122, x, x, x, x, x, x, x, x
ch124, x, x, x, x, x, x, x, x
ch126, x, x, x, x, x, x, x, x
ch128, x, x, x, x, x, x, x, x
ch132, 17, 17, 17, 17, 17, 17, 17, 17
ch134, 17, 17, 17, 17, 17, 17, 17, 17
ch136, 17, 17, 17, 17, 17, 17, 17, 17
ch138, 17, 17, 17, 17, 17, 17, 17, 17
ch140, 17, 17, 17, 17, 17, 17, 17, 17
ch142, 17, 17, 17, 17, 17, 17, 17, 17
ch144, 29, 29, 29, 29, 29, 29, 29, 29
ch149, 29, 29, 29, 29, 29, 29, 29, 29
ch151, 29, 29, 29, 29, 29, 29, 29, 29
ch153, 29, 29, 29, 29, 29, 29, 29, 29
ch155, 29, 29, 29, 29, 29, 29, 29, 29
ch157, 29, 29, 29, 29, 29, 29, 29, 29
ch159, 29, 29, 29, 29, 29, 29, 29, 29
ch161, 29, 29, 29, 29, 29, 29, 29, 29
ch165, 29, 29, 29, 29, 29, 29, 29, 29
</ht20>

<ht40, m0, m1, m2, m3, m4, m5, m6, m7> 
ch038, 26, 26, 26, 26, 26, 26, 26, 26
ch042, 26, 26, 26, 26, 26, 26, 26, 26
ch046, 26, 26, 26, 26, 26, 26, 26, 26
ch050, x, x, x, x, x, x, x, x
ch054, 18, 18, 18, 18, 18, 18, 18, 18
ch058, 18, 18, 18, 18, 18, 18, 18, 18
ch062, 18, 18, 18, 18, 18, 18, 18, 18
ch102, 18, 18, 18, 18, 18, 18, 18, 18
ch106, 18, 18, 18, 18, 18, 18, 18, 18
ch110, 18, 18, 18, 18, 18, 18, 18, 18
ch114, x, x, x, x, x, x, x, x
ch118, x, x, x, x, x, x, x, x
ch122, x, x, x, x, x, x, x, x
ch126, x, x, x, x, x, x, x, x
ch134, 19, 19, 19, 19, 19, 19, 19, 19
ch138, 19, 19, 19, 19, 19, 19, 19, 19
ch142, 29, 29, 29, 29, 29, 29, 29, 29
ch151, 29, 29, 29, 29, 29, 29, 29, 29
ch155, 29, 29, 29, 29, 29, 29, 29, 29
ch159, 29, 29, 29, 29, 29, 29, 29, 29
</ht40>

<vht20, m0, m1, m2, m3, m4, m5, m6, m7, m8, m9>
ch001, 15, 15, 15, 15, 15, 15, 15, 15, 15, 15
ch002, 15, 15, 15, 15, 15, 15, 15, 15, 15, 15
ch003, 15, 15, 15, 15, 15, 15, 15, 15, 15, 15
ch004, 15, 15, 15, 15, 15, 15, 15, 15, 15, 15
ch005, 15, 15, 15, 15, 15, 15, 15, 15, 15, 15
ch006, 15, 15, 15, 15, 15, 15, 15, 15, 15, 15
ch007, 15, 15, 15, 15, 15, 15, 15, 15, 15, 15
ch008, 15, 15, 15, 15, 15, 15, 15, 15, 15, 15
ch009, 15, 15, 15, 15, 15, 15, 15, 15, 15, 15
ch010, 15, 15, 15, 15, 15, 15, 15, 15, 15, 15
ch011, 15, 15, 15, 15, 15, 15, 15, 15, 15, 15
ch012, 15, 15, 15, 15, 15, 15, 15, 15, 15, 15
ch013, 15, 15, 15, 15, 15, 15, 15, 15, 15, 15
ch014, x, x, x, x, x, x, x, x, x, x
ch036, 23, 23, 23, 23, 23, 23, 23, 23, 23, 23
ch038, 23, 23, 23, 23, 23, 23, 23, 23, 23, 23
ch040, 23, 23, 23, 23, 23, 23, 23, 23, 23, 23
ch042, 23, 23, 23, 23, 23, 23, 23, 23, 23, 23
ch044, 23, 23, 23, 23, 23, 23, 23, 23, 23, 23
ch046, 23, 23, 23, 23, 23, 23, 23, 23, 23, 23
ch048, 23, 23, 23, 23, 23, 23, 23, 23, 23, 23
ch050, x, x, x, x, x, x, x, x, x, x
ch052, 15, 15, 15, 15, 15, 15, 15, 15, 15, 15
ch054, 15, 15, 15, 15, 15, 15, 15, 15, 15, 15
ch056, 15, 15, 15, 15, 15, 15, 15, 15, 15, 15
ch058, 15, 15, 15, 15, 15, 15, 15, 15, 15, 15
ch060, 15, 15, 15, 15, 15, 15, 15, 15, 15, 15
ch062, 15, 15, 15, 15, 15, 15, 15, 15, 15, 15
ch064, 15, 15, 15, 15, 15, 15, 15, 15, 15, 15
ch100, 16, 16, 16, 16, 16, 16, 16, 16, 16, 16
ch102, 16, 16, 16, 16, 16, 16, 16, 16, 16, 16
ch104, 16, 16, 16, 16, 16, 16, 16, 16, 16, 16
ch106, 16, 16, 16, 16, 16, 16, 16, 16, 16, 16
ch108, 16, 16, 16, 16, 16, 16, 16, 16, 16, 16
ch110, 16, 16, 16, 16, 16, 16, 16, 16, 16, 16
ch112, 16, 16, 16, 16, 16, 16, 16, 16, 16, 16
ch114, x, x, x, x, x, x, x, x, x, x
ch116, 16, 16, 16, 16, 16, 16, 16, 16, 16, 16
ch118, x, x, x, x, x, x, x, x, x, x
ch120, x, x, x, x, x, x, x, x, x, x
ch122, x, x, x, x, x, x, x, x, x, x
ch124, x, x, x, x, x, x, x, x, x, x
ch126, x, x, x, x, x, x, x, x, x, x
ch128, x, x, x, x, x, x, x, x, x, x
ch132, 17, 17, 17, 17, 17, 17, 17, 17, 17, 17
ch134, 17, 17, 17, 17, 17, 17, 17, 17, 17, 17
ch136, 17, 17, 17, 17, 17, 17, 17, 17, 17, 17
ch138, 17, 17, 17, 17, 17, 17, 17, 17, 17, 17
ch140, 17, 17, 17, 17, 17, 17, 17, 17, 17, 17
ch142, 17, 17, 17, 17, 17, 17, 17, 17, 17, 17
ch144, 29, 29, 29, 29, 29, 29, 29, 29, 29, 29
ch149, 29, 29, 29, 29, 29, 29, 29, 29, 29, 29
ch151, 29, 29, 29, 29, 29, 29, 29, 29, 29, 29
ch153, 29, 29, 29, 29, 29, 29, 29, 29, 29, 29
ch155, 29, 29, 29, 29, 29, 29, 29, 29, 29, 29
ch157, 29, 29, 29, 29, 29, 29, 29, 29, 29, 29
ch159, 29, 29, 29, 29, 29, 29, 29, 29, 29, 29
ch161, 29, 29, 29, 29, 29, 29, 29, 29, 29, 29
ch165, 29, 29, 29, 29, 29, 29, 29, 29, 29, 29
</vht20>

<vht40, m0, m1, m2, m3, m4, m5, m6, m7, m8, m9>
ch038, 26, 26, 26, 26, 26, 26, 26, 26, 26, 26
ch042, 26, 26, 26, 26, 26, 26, 26, 26, 26, 26
ch046, 26, 26, 26, 26, 26, 26, 26, 26, 26, 26
ch050, x, x, x, x, x, x, x, x, x, x
ch054, 18, 18, 18, 18, 18, 18, 18, 18, 18, 18
ch058, 18, 18, 18, 18, 18, 18, 18, 18, 18, 18
ch062, 18, 18, 18, 18, 18, 18, 18, 18, 18, 18
ch102, 18, 18, 18, 18, 18, 18, 18, 18, 18, 18
ch106, 18, 18, 18, 18, 18, 18, 18, 18, 18, 18
ch110, 18, 18, 18, 18, 18, 18, 18, 18, 18, 18
ch114, x, x, x, x, x, x, x, x, x, x
ch118, x, x, x, x, x, x, x, x, x, x
ch122, x, x, x, x, x, x, x, x, x, x
ch126, x, x, x, x, x, x, x, x, x, x
ch134, 19, 19, 19, 19, 19, 19, 19, 19, 19, 19
ch138, 19, 19, 19, 19, 19, 19, 19, 19, 19, 19
ch142, 29, 29, 29, 29, 29, 29, 29, 29, 29, 29
ch151, 29, 29, 29, 29, 29, 29, 29, 29, 29, 29
ch155, 29, 29, 29, 29, 29, 29, 29, 29, 29, 29
ch159, 29, 29, 29, 29, 29, 29, 29, 29, 29, 29
</vht40>

<vht80, m0, m1, m2, m3, m4, m5, m6, m7, m8, m9> 
ch042, 26, 26, 26, 26, 26, 26, 26, 26, 26, 26
ch050, x, x, x, x, x, x, x, x, x, x
ch058, 17, 17, 17, 17, 17, 17, 17, 17, 17, 17
ch106, 18, 18, 18, 18, 18, 18, 18, 18, 18, 18
ch114, x, x, x, x, x, x, x, x, x, x
ch122, x, x, x, x, x, x, x, x, x, x
ch138, 29, 29, 29, 29, 29, 29, 29, 29, 29, 29
ch155, 29, 29, 29, 29, 29, 29, 29, 29, 29, 29
</vht80>

<ru26, m0, m1, m2, m3, m4, m5, m6, m7, m8, m9, m10, m11>
ch001, -1, -1, -1, -1, -1, -1, -1, -1, -1, -1, -1, -1
ch002, -1, -1, -1, -1, -1, -1, -1, -1, -1, -1, -1, -1
ch003, -3, -3, -3, -3, -3, -3, -3, -3, -3, -3, -3, -3
ch004, -3, -3, -3, -3, -3, -3, -3, -3, -3, -3, -3, -3
ch005, -3, -3, -3, -3, -3, -3, -3, -3, -3, -3, -3, -3
ch006, -3, -3, -3, -3, -3, -3, -3, -3, -3, -3, -3, -3
ch007, -3, -3, -3, -3, -3, -3, -3, -3, -3, -3, -3, -3
ch008, -3, -3, -3, -3, -3, -3, -3, -3, -3, -3, -3, -3
ch009, -3, -3, -3, -3, -3, -3, -3, -3, -3, -3, -3, -3
ch010, -1, -1, -1, -1, -1, -1, -1, -1, -1, -1, -1, -1
ch011, -1, -1, -1, -1, -1, -1, -1, -1, -1, -1, -1, -1
ch012, -1, -1, -1, -1, -1, -1, -1, -1, -1, -1, -1, -1
ch013, -1, -1, -1, -1, -1, -1, -1, -1, -1, -1, -1, -1
ch014, x, x, x, x, x, x, x, x, x, x, x, x
ch036, 6, 6, 6, 6, 6, 6, 6, 6, 6, 6, 6, 6
ch038, 6, 6, 6, 6, 6, 6, 6, 6, 6, 6, 6, 6
ch040, 6, 6, 6, 6, 6, 6, 6, 6, 6, 6, 6, 6
ch042, 6, 6, 6, 6, 6, 6, 6, 6, 6, 6, 6, 6
ch044, 6, 6, 6, 6, 6, 6, 6, 6, 6, 6, 6, 6
ch046, 6, 6, 6, 6, 6, 6, 6, 6, 6, 6, 6, 6
ch048, 6, 6, 6, 6, 6, 6, 6, 6, 6, 6, 6, 6
ch050, x, x, x, x, x, x, x, x, x, x, x, x
ch052, 0, 0, 0, 0, 0, 0, 0, 0, 0, 0, 0, 0
ch054, 0, 0, 0, 0, 0, 0, 0, 0, 0, 0, 0, 0
ch056, 0, 0, 0, 0, 0, 0, 0, 0, 0, 0, 0, 0
ch058, 0, 0, 0, 0, 0, 0, 0, 0, 0, 0, 0, 0
ch060, 0, 0, 0, 0, 0, 0, 0, 0, 0, 0, 0, 0
ch062, 0, 0, 0, 0, 0, 0, 0, 0, 0, 0, 0, 0
ch064, 0, 0, 0, 0, 0, 0, 0, 0, 0, 0, 0, 0
ch100, 1, 1, 1, 1, 1, 1, 1, 1, 1, 1, 1, 1
ch102, 1, 1, 1, 1, 1, 1, 1, 1, 1, 1, 1, 1
ch104, 1, 1, 1, 1, 1, 1, 1, 1, 1, 1, 1, 1
ch106, 1, 1, 1, 1, 1, 1, 1, 1, 1, 1, 1, 1
ch108, 1, 1, 1, 1, 1, 1, 1, 1, 1, 1, 1, 1
ch110, 1, 1, 1, 1, 1, 1, 1, 1, 1, 1, 1, 1
ch112, 1, 1, 1, 1, 1, 1, 1, 1, 1, 1, 1, 1
ch114, x, x, x, x, x, x, x, x, x, x, x, x
ch116, 1, 1, 1, 1, 1, 1, 1, 1, 1, 1, 1, 1
ch118, x, x, x, x, x, x, x, x, x, x, x, x
ch120, x, x, x, x, x, x, x, x, x, x, x, x
ch122, x, x, x, x, x, x, x, x, x, x, x, x
ch124, x, x, x, x, x, x, x, x, x, x, x, x
ch126, x, x, x, x, x, x, x, x, x, x, x, x
ch128, x, x, x, x, x, x, x, x, x, x, x, x
ch132, 2, 2, 2, 2, 2, 2, 2, 2, 2, 2, 2, 2
ch134, 2, 2, 2, 2, 2, 2, 2, 2, 2, 2, 2, 2
ch136, 2, 2, 2, 2, 2, 2, 2, 2, 2, 2, 2, 2
ch138, 2, 2, 2, 2, 2, 2, 2, 2, 2, 2, 2, 2
ch140, 2, 2, 2, 2, 2, 2, 2, 2, 2, 2, 2, 2
ch142, 2, 2, 2, 2, 2, 2, 2, 2, 2, 2, 2, 2
ch144, 12, 12, 12, 12, 12, 12, 12, 12, 12, 12, 12, 12
ch149, 11, 11, 11, 11, 11, 11, 11, 11, 11, 11, 11, 11
ch151, 11, 11, 11, 11, 11, 11, 11, 11, 11, 11, 11, 11
ch153, 11, 11, 11, 11, 11, 11, 11, 11, 11, 11, 11, 11
ch155, 12, 12, 12, 12, 12, 12, 12, 12, 12, 12, 12, 12
ch157, 12, 12, 12, 12, 12, 12, 12, 12, 12, 12, 12, 12
ch159, 11, 11, 11, 11, 11, 11, 11, 11, 11, 11, 11, 11
ch161, 11, 11, 11, 11, 11, 11, 11, 11, 11, 11, 11, 11
ch165, 11, 11, 11, 11, 11, 11, 11, 11, 11, 11, 11, 11
</ru26>

<ru52, m0, m1, m2, m3, m4, m5, m6, m7, m8, m9, m10, m11>
ch001, 5, 5, 5, 5, 5, 5, 5, 5, 5, 5, 5, 5
ch002, 5, 5, 5, 5, 5, 5, 5, 5, 5, 5, 5, 5
ch003, 2, 2, 2, 2, 2, 2, 2, 2, 2, 2, 2, 2
ch004, 2, 2, 2, 2, 2, 2, 2, 2, 2, 2, 2, 2
ch005, 2, 2, 2, 2, 2, 2, 2, 2, 2, 2, 2, 2
ch006, 2, 2, 2, 2, 2, 2, 2, 2, 2, 2, 2, 2
ch007, 2, 2, 2, 2, 2, 2, 2, 2, 2, 2, 2, 2
ch008, 2, 2, 2, 2, 2, 2, 2, 2, 2, 2, 2, 2
ch009, 2, 2, 2, 2, 2, 2, 2, 2, 2, 2, 2, 2
ch010, 4, 4, 4, 4, 4, 4, 4, 4, 4, 4, 4, 4
ch011, 4, 4, 4, 4, 4, 4, 4, 4, 4, 4, 4, 4
ch012, 4, 4, 4, 4, 4, 4, 4, 4, 4, 4, 4, 4
ch013, 4, 4, 4, 4, 4, 4, 4, 4, 4, 4, 4, 4
ch014, x, x, x, x, x, x, x, x, x, x, x, x
ch036, 11, 11, 11, 11, 11, 11, 11, 11, 11, 11, 11, 11
ch038, 11, 11, 11, 11, 11, 11, 11, 11, 11, 11, 11, 11
ch040, 11, 11, 11, 11, 11, 11, 11, 11, 11, 11, 11, 11
ch042, 11, 11, 11, 11, 11, 11, 11, 11, 11, 11, 11, 11
ch044, 11, 11, 11, 11, 11, 11, 11, 11, 11, 11, 11, 11
ch046, 11, 11, 11, 11, 11, 11, 11, 11, 11, 11, 11, 11
ch048, 11, 11, 11, 11, 11, 11, 11, 11, 11, 11, 11, 11
ch050, x, x, x, x, x, x, x, x, x, x, x, x
ch052, 5, 5, 5, 5, 5, 5, 5, 5, 5, 5, 5, 5
ch054, 5, 5, 5, 5, 5, 5, 5, 5, 5, 5, 5, 5
ch056, 5, 5, 5, 5, 5, 5, 5, 5, 5, 5, 5, 5
ch058, 5, 5, 5, 5, 5, 5, 5, 5, 5, 5, 5, 5
ch060, 5, 5, 5, 5, 5, 5, 5, 5, 5, 5, 5, 5
ch062, 5, 5, 5, 5, 5, 5, 5, 5, 5, 5, 5, 5
ch064, 5, 5, 5, 5, 5, 5, 5, 5, 5, 5, 5, 5
ch100, 6, 6, 6, 6, 6, 6, 6, 6, 6, 6, 6, 6
ch102, 6, 6, 6, 6, 6, 6, 6, 6, 6, 6, 6, 6
ch104, 6, 6, 6, 6, 6, 6, 6, 6, 6, 6, 6, 6
ch106, 6, 6, 6, 6, 6, 6, 6, 6, 6, 6, 6, 6
ch108, 6, 6, 6, 6, 6, 6, 6, 6, 6, 6, 6, 6
ch110, 6, 6, 6, 6, 6, 6, 6, 6, 6, 6, 6, 6
ch112, 6, 6, 6, 6, 6, 6, 6, 6, 6, 6, 6, 6
ch114, x, x, x, x, x, x, x, x, x, x, x, x
ch116, 6, 6, 6, 6, 6, 6, 6, 6, 6, 6, 6, 6
ch118, x, x, x, x, x, x, x, x, x, x, x, x
ch120, x, x, x, x, x, x, x, x, x, x, x, x
ch122, x, x, x, x, x, x, x, x, x, x, x, x
ch124, x, x, x, x, x, x, x, x, x, x, x, x
ch126, x, x, x, x, x, x, x, x, x, x, x, x
ch128, x, x, x, x, x, x, x, x, x, x, x, x
ch132, 7, 7, 7, 7, 7, 7, 7, 7, 7, 7, 7, 7
ch134, 7, 7, 7, 7, 7, 7, 7, 7, 7, 7, 7, 7
ch136, 7, 7, 7, 7, 7, 7, 7, 7, 7, 7, 7, 7
ch138, 7, 7, 7, 7, 7, 7, 7, 7, 7, 7, 7, 7
ch140, 7, 7, 7, 7, 7, 7, 7, 7, 7, 7, 7, 7
ch142, 7, 7, 7, 7, 7, 7, 7, 7, 7, 7, 7, 7
ch144, 18, 18, 18, 18, 18, 18, 18, 18, 18, 18, 18, 18
ch149, 17, 17, 17, 17, 17, 17, 17, 17, 17, 17, 17, 17
ch151, 17, 17, 17, 17, 17, 17, 17, 17, 17, 17, 17, 17
ch153, 17, 17, 17, 17, 17, 17, 17, 17, 17, 17, 17, 17
ch155, 17, 17, 17, 17, 17, 17, 17, 17, 17, 17, 17, 17
ch157, 17, 17, 17, 17, 17, 17, 17, 17, 17, 17, 17, 17
ch159, 17, 17, 17, 17, 17, 17, 17, 17, 17, 17, 17, 17
ch161, 17, 17, 17, 17, 17, 17, 17, 17, 17, 17, 17, 17
ch165, 17, 17, 17, 17, 17, 17, 17, 17, 17, 17, 17, 17
</ru52>

<ru106, m0, m1, m2, m3, m4, m5, m6, m7, m8, m9, m10, m11>
ch001, 11, 11, 11, 11, 11, 11, 11, 11, 11, 11, 11, 11
ch002, 11, 11, 11, 11, 11, 11, 11, 11, 11, 11, 11, 11
ch003, 10, 10, 10, 10, 10, 10, 10, 10, 10, 10, 10, 10
ch004, 10, 10, 10, 10, 10, 10, 10, 10, 10, 10, 10, 10
ch005, 10, 10, 10, 10, 10, 10, 10, 10, 10, 10, 10, 10
ch006, 10, 10, 10, 10, 10, 10, 10, 10, 10, 10, 10, 10
ch007, 10, 10, 10, 10, 10, 10, 10, 10, 10, 10, 10, 10
ch008, 10, 10, 10, 10, 10, 10, 10, 10, 10, 10, 10, 10
ch009, 10, 10, 10, 10, 10, 10, 10, 10, 10, 10, 10, 10
ch010, 9, 9, 9, 9, 9, 9, 9, 9, 9, 9, 9, 9
ch011, 9, 9, 9, 9, 9, 9, 9, 9, 9, 9, 9, 9
ch012, 9, 9, 9, 9, 9, 9, 9, 9, 9, 9, 9, 9
ch013, 9, 9, 9, 9, 9, 9, 9, 9, 9, 9, 9, 9
ch014, x, x, x, x, x, x, x, x, x, x, x, x
ch036, 17, 17, 17, 17, 17, 17, 17, 17, 17, 17, 17, 17
ch038, 17, 17, 17, 17, 17, 17, 17, 17, 17, 17, 17, 17
ch040, 17, 17, 17, 17, 17, 17, 17, 17, 17, 17, 17, 17
ch042, 17, 17, 17, 17, 17, 17, 17, 17, 17, 17, 17, 17
ch044, 17, 17, 17, 17, 17, 17, 17, 17, 17, 17, 17, 17
ch046, 17, 17, 17, 17, 17, 17, 17, 17, 17, 17, 17, 17
ch048, 17, 17, 17, 17, 17, 17, 17, 17, 17, 17, 17, 17
ch050, x, x, x, x, x, x, x, x, x, x, x, x
ch052, 10, 10, 10, 10, 10, 10, 10, 10, 10, 10, 10, 10
ch054, 10, 10, 10, 10, 10, 10, 10, 10, 10, 10, 10, 10
ch056, 10, 10, 10, 10, 10, 10, 10, 10, 10, 10, 10, 10
ch058, 10, 10, 10, 10, 10, 10, 10, 10, 10, 10, 10, 10
ch060, 10, 10, 10, 10, 10, 10, 10, 10, 10, 10, 10, 10
ch062, 10, 10, 10, 10, 10, 10, 10, 10, 10, 10, 10, 10
ch064, 10, 10, 10, 10, 10, 10, 10, 10, 10, 10, 10, 10
ch100, 11, 11, 11, 11, 11, 11, 11, 11, 11, 11, 11, 11
ch102, 11, 11, 11, 11, 11, 11, 11, 11, 11, 11, 11, 11
ch104, 11, 11, 11, 11, 11, 11, 11, 11, 11, 11, 11, 11
ch106, 11, 11, 11, 11, 11, 11, 11, 11, 11, 11, 11, 11
ch108, 11, 11, 11, 11, 11, 11, 11, 11, 11, 11, 11, 11
ch110, 11, 11, 11, 11, 11, 11, 11, 11, 11, 11, 11, 11
ch112, 11, 11, 11, 11, 11, 11, 11, 11, 11, 11, 11, 11
ch114, x, x, x, x, x, x, x, x, x, x, x, x
ch116, 11, 11, 11, 11, 11, 11, 11, 11, 11, 11, 11, 11
ch118, x, x, x, x, x, x, x, x, x, x, x, x
ch120, x, x, x, x, x, x, x, x, x, x, x, x
ch122, x, x, x, x, x, x, x, x, x, x, x, x
ch124, x, x, x, x, x, x, x, x, x, x, x, x
ch126, x, x, x, x, x, x, x, x, x, x, x, x
ch128, x, x, x, x, x, x, x, x, x, x, x, x
ch132, 12, 12, 12, 12, 12, 12, 12, 12, 12, 12, 12, 12
ch134, 12, 12, 12, 12, 12, 12, 12, 12, 12, 12, 12, 12
ch136, 12, 12, 12, 12, 12, 12, 12, 12, 12, 12, 12, 12
ch138, 12, 12, 12, 12, 12, 12, 12, 12, 12, 12, 12, 12
ch140, 12, 12, 12, 12, 12, 12, 12, 12, 12, 12, 12, 12
ch142, 12, 12, 12, 12, 12, 12, 12, 12, 12, 12, 12, 12
ch144, 23, 23, 23, 23, 23, 23, 23, 23, 23, 23, 23, 23
ch149, 22, 22, 22, 22, 22, 22, 22, 22, 22, 22, 22, 22
ch151, 22, 22, 22, 22, 22, 22, 22, 22, 22, 22, 22, 22
ch153, 22, 22, 22, 22, 22, 22, 22, 22, 22, 22, 22, 22
ch155, 23, 23, 23, 23, 23, 23, 23, 23, 23, 23, 23, 23
ch157, 23, 23, 23, 23, 23, 23, 23, 23, 23, 23, 23, 23
ch159, 22, 22, 22, 22, 22, 22, 22, 22, 22, 22, 22, 22
ch161, 22, 22, 22, 22, 22, 22, 22, 22, 22, 22, 22, 22
ch165, 22, 22, 22, 22, 22, 22, 22, 22, 22, 22, 22, 22
</ru106>

<ru242, m0, m1, m2, m3, m4, m5, m6, m7, m8, m9, m10, m11>
ch001, 14, 14, 14, 14, 14, 14, 14, 14, 14, 14, 14, 14
ch002, 14, 14, 14, 14, 14, 14, 14, 14, 14, 14, 14, 14
ch003, 14, 14, 14, 14, 14, 14, 14, 14, 14, 14, 14, 14
ch004, 14, 14, 14, 14, 14, 14, 14, 14, 14, 14, 14, 14
ch005, 14, 14, 14, 14, 14, 14, 14, 14, 14, 14, 14, 14
ch006, 14, 14, 14, 14, 14, 14, 14, 14, 14, 14, 14, 14
ch007, 14, 14, 14, 14, 14, 14, 14, 14, 14, 14, 14, 14
ch008, 14, 14, 14, 14, 14, 14, 14, 14, 14, 14, 14, 14
ch009, 14, 14, 14, 14, 14, 14, 14, 14, 14, 14, 14, 14
ch010, 14, 14, 14, 14, 14, 14, 14, 14, 14, 14, 14, 14
ch011, 14, 14, 14, 14, 14, 14, 14, 14, 14, 14, 14, 14
ch012, 14, 14, 14, 14, 14, 14, 14, 14, 14, 14, 14, 14
ch013, 14, 14, 14, 14, 14, 14, 14, 14, 14, 14, 14, 14
ch014, x, x, x, x, x, x, x, x, x, x, x, x
ch036, 22, 22, 22, 22, 22, 22, 22, 22, 22, 22, 22, 22
ch038, 20, 20, 20, 20, 20, 20, 20, 20, 20, 20, 20, 20
ch040, 22, 22, 22, 22, 22, 22, 22, 22, 22, 22, 22, 22
ch042, 20, 20, 20, 20, 20, 20, 20, 20, 20, 20, 20, 20
ch044, 22, 22, 22, 22, 22, 22, 22, 22, 22, 22, 22, 22
ch046, 20, 20, 20, 20, 20, 20, 20, 20, 20, 20, 20, 20
ch048, 22, 22, 22, 22, 22, 22, 22, 22, 22, 22, 22, 22
ch050, x, x, x, x, x, x, x, x, x, x, x, x
ch052, 15, 15, 15, 15, 15, 15, 15, 15, 15, 15, 15, 15
ch054, 14, 14, 14, 14, 14, 14, 14, 14, 14, 14, 14, 14
ch056, 15, 15, 15, 15, 15, 15, 15, 15, 15, 15, 15, 15
ch058, 14, 14, 14, 14, 14, 14, 14, 14, 14, 14, 14, 14
ch060, 15, 15, 15, 15, 15, 15, 15, 15, 15, 15, 15, 15
ch062, 14, 14, 14, 14, 14, 14, 14, 14, 14, 14, 14, 14
ch064, 15, 15, 15, 15, 15, 15, 15, 15, 15, 15, 15, 15
ch100, 16, 16, 16, 16, 16, 16, 16, 16, 16, 16, 16, 16
ch102, 14, 14, 14, 14, 14, 14, 14, 14, 14, 14, 14, 14
ch104, 16, 16, 16, 16, 16, 16, 16, 16, 16, 16, 16, 16
ch106, 14, 14, 14, 14, 14, 14, 14, 14, 14, 14, 14, 14
ch108, 16, 16, 16, 16, 16, 16, 16, 16, 16, 16, 16, 16
ch110, 14, 14, 14, 14, 14, 14, 14, 14, 14, 14, 14, 14
ch112, 16, 16, 16, 16, 16, 16, 16, 16, 16, 16, 16, 16
ch114, x, x, x, x, x, x, x, x, x, x, x, x
ch116, 16, 16, 16, 16, 16, 16, 16, 16, 16, 16, 16, 16
ch118, x, x, x, x, x, x, x, x, x, x, x, x
ch120, x, x, x, x, x, x, x, x, x, x, x, x
ch122, x, x, x, x, x, x, x, x, x, x, x, x
ch124, x, x, x, x, x, x, x, x, x, x, x, x
ch126, x, x, x, x, x, x, x, x, x, x, x, x
ch128, x, x, x, x, x, x, x, x, x, x, x, x
ch132, 17, 17, 17, 17, 17, 17, 17, 17, 17, 17, 17, 17
ch134, 15, 15, 15, 15, 15, 15, 15, 15, 15, 15, 15, 15
ch136, 17, 17, 17, 17, 17, 17, 17, 17, 17, 17, 17, 17
ch138, 15, 15, 15, 15, 15, 15, 15, 15, 15, 15, 15, 15
ch140, 17, 17, 17, 17, 17, 17, 17, 17, 17, 17, 17, 17
ch142, 25, 25, 25, 25, 25, 25, 25, 25, 25, 25, 25, 25
ch144, 29, 29, 29, 29, 29, 29, 29, 29, 29, 29, 29, 29
ch149, 29, 29, 29, 29, 29, 29, 29, 29, 29, 29, 29, 29
ch151, 24, 24, 24, 24, 24, 24, 24, 24, 24, 24, 24, 24
ch153, 29, 29, 29, 29, 29, 29, 29, 29, 29, 29, 29, 29
ch155, 24, 24, 24, 24, 24, 24, 24, 24, 24, 24, 24, 24
ch157, 29, 29, 29, 29, 29, 29, 29, 29, 29, 29, 29, 29
ch159, 24, 24, 24, 24, 24, 24, 24, 24, 24, 24, 24, 24
ch161, 29, 29, 29, 29, 29, 29, 29, 29, 29, 29, 29, 29
ch165, 29, 29, 29, 29, 29, 29, 29, 29, 29, 29, 29, 29
</ru242>

<ru484, m0, m1, m2, m3, m4, m5, m6, m7, m8, m9, m10, m11>
ch038, 25, 25, 25, 25, 25, 25, 25, 25, 25, 25, 25, 25
ch042, 21, 21, 21, 21, 21, 21, 21, 21, 21, 21, 21, 21
ch046, 25, 25, 25, 25, 25, 25, 25, 25, 25, 25, 25, 25
ch050, x, x, x, x, x, x, x, x, x, x, x, x
ch054, 18, 18, 18, 18, 18, 18, 18, 18, 18, 18, 18, 18
ch058, 13, 13, 13, 13, 13, 13, 13, 13, 13, 13, 13, 13
ch062, 18, 18, 18, 18, 18, 18, 18, 18, 18, 18, 18, 18
ch102, 18, 18, 18, 18, 18, 18, 18, 18, 18, 18, 18, 18
ch106, 15, 15, 15, 15, 15, 15, 15, 15, 15, 15, 15, 15
ch110, 18, 18, 18, 18, 18, 18, 18, 18, 18, 18, 18, 18
ch114, x, x, x, x, x, x, x, x, x, x, x, x
ch118, x, x, x, x, x, x, x, x, x, x, x, x
ch122, x, x, x, x, x, x, x, x, x, x, x, x
ch126, x, x, x, x, x, x, x, x, x, x, x, x
ch134, 19, 19, 19, 19, 19, 19, 19, 19, 19, 19, 19, 19
ch138, 26, 26, 26, 26, 26, 26, 26, 26, 26, 26, 26, 26
ch142, 29, 29, 29, 29, 29, 29, 29, 29, 29, 29, 29, 29
ch151, 29, 29, 29, 29, 29, 29, 29, 29, 29, 29, 29, 29
ch155, 23, 23, 23, 23, 23, 23, 23, 23, 23, 23, 23, 23
ch159, 29, 29, 29, 29, 29, 29, 29, 29, 29, 29, 29, 29
</ru484>

<ru996, m0, m1, m2, m3, m4, m5, m6, m7, m8, m9, m10, m11> 
ch042, 25, 25, 25, 25, 25, 25, 25, 25, 25, 25, 25, 25
ch050, x, x, x, x, x, x, x, x, x, x, x, x
ch058, 17, 17, 17, 17, 17, 17, 17, 17, 17, 17, 17, 17
ch106, 18, 18, 18, 18, 18, 18, 18, 18, 18, 18, 18, 18
ch114, x, x, x, x, x, x, x, x, x, x, x, x
ch122, x, x, x, x, x, x, x, x, x, x, x, x
ch138, 29, 29, 29, 29, 29, 29, 29, 29, 29, 29, 29, 29
ch155, 29, 29, 29, 29, 29, 29, 29, 29, 29, 29, 29, 29
</ru996>

[GB]
<cck,  c1, c2, c5, c11>
ch001, 10, 10, 10, 10
ch002, 10, 10, 10, 10
ch003, 10, 10, 10, 10
ch004, 10, 10, 10, 10
ch005, 10, 10, 10, 10
ch006, 10, 10, 10, 10
ch007, 10, 10, 10, 10
ch008, 10, 10, 10, 10
ch009, 10, 10, 10, 10
ch010, 10, 10, 10, 10
ch011, 10, 10, 10, 10
ch012, 10, 10, 10, 10
ch013, 10, 10, 10, 10
ch014, x, x, x, x
</cck>

<ofdm, o6, o9, o12, o18, o24, o36, o48, o54>
ch001, 14, 14, 14, 14, 14, 14, 14, 14
ch002, 14, 14, 14, 14, 14, 14, 14, 14
ch003, 14, 14, 14, 14, 14, 14, 14, 14
ch004, 14, 14, 14, 14, 14, 14, 14, 14
ch005, 14, 14, 14, 14, 14, 14, 14, 14
ch006, 14, 14, 14, 14, 14, 14, 14, 14
ch007, 14, 14, 14, 14, 14, 14, 14, 14
ch008, 14, 14, 14, 14, 14, 14, 14, 14
ch009, 14, 14, 14, 14, 14, 14, 14, 14
ch010, 14, 14, 14, 14, 14, 14, 14, 14
ch011, 14, 14, 14, 14, 14, 14, 14, 14
ch012, 14, 14, 14, 14, 14, 14, 14, 14
ch013, 14, 14, 14, 14, 14, 14, 14, 14
ch014, x, x, x, x, x, x, x, x
ch036, 20, 20, 20, 20, 20, 20, 20, 20
ch038, 20, 20, 20, 20, 20, 20, 20, 20
ch040, 20, 20, 20, 20, 20, 20, 20, 20
ch042, 20, 20, 20, 20, 20, 20, 20, 20
ch044, 20, 20, 20, 20, 20, 20, 20, 20
ch046, 20, 20, 20, 20, 20, 20, 20, 20
ch048, 20, 20, 20, 20, 20, 20, 20, 20
ch050, x, x, x, x, x, x, x, x
ch052, 13, 13, 13, 13, 13, 13, 13, 13
ch054, 13, 13, 13, 13, 13, 13, 13, 13
ch056, 13, 13, 13, 13, 13, 13, 13, 13
ch058, 13, 13, 13, 13, 13, 13, 13, 13
ch060, 13, 13, 13, 13, 13, 13, 13, 13
ch062, 13, 13, 13, 13, 13, 13, 13, 13
ch064, 13, 13, 13, 13, 13, 13, 13, 13
ch100, 14, 14, 14, 14, 14, 14, 14, 14
ch102, 14, 14, 14, 14, 14, 14, 14, 14
ch104, 14, 14, 14, 14, 14, 14, 14, 14
ch106, 14, 14, 14, 14, 14, 14, 14, 14
ch108, 14, 14, 14, 14, 14, 14, 14, 14
ch110, 14, 14, 14, 14, 14, 14, 14, 14
ch112, 14, 14, 14, 14, 14, 14, 14, 14
ch114, x, x, x, x, x, x, x, x
ch116, 14, 14, 14, 14, 14, 14, 14, 14
ch118, 14, 14, 14, 14, 14, 14, 14, 14
ch120, 14, 14, 14, 14, 14, 14, 14, 14
ch122, 14, 14, 14, 14, 14, 14, 14, 14
ch124, 14, 14, 14, 14, 14, 14, 14, 14
ch126, 14, 14, 14, 14, 14, 14, 14, 14
ch128, 14, 14, 14, 14, 14, 14, 14, 14
ch132, 14, 14, 14, 14, 14, 14, 14, 14
ch134, 14, 14, 14, 14, 14, 14, 14, 14
ch136, 14, 14, 14, 14, 14, 14, 14, 14
ch138, 14, 14, 14, 14, 14, 14, 14, 14
ch140, 14, 14, 14, 14, 14, 14, 14, 14
ch142, 12, 12, 12, 12, 12, 12, 12, 12
ch144, 12, 12, 12, 12, 12, 12, 12, 12
ch149, 13, 13, 13, 13, 13, 13, 13, 13
ch151, 13, 13, 13, 13, 13, 13, 13, 13
ch153, 13, 13, 13, 13, 13, 13, 13, 13
ch155, 13, 13, 13, 13, 13, 13, 13, 13
ch157, 13, 13, 13, 13, 13, 13, 13, 13
ch159, 13, 13, 13, 13, 13, 13, 13, 13
ch161, 13, 13, 13, 13, 13, 13, 13, 13
ch165, 13, 13, 13, 13, 13, 13, 13, 13
</ofdm>

<ht20, m0, m1, m2, m3, m4, m5, m6, m7>
ch001, 14, 14, 14, 14, 14, 14, 14, 14
ch002, 14, 14, 14, 14, 14, 14, 14, 14
ch003, 14, 14, 14, 14, 14, 14, 14, 14
ch004, 14, 14, 14, 14, 14, 14, 14, 14
ch005, 14, 14, 14, 14, 14, 14, 14, 14
ch006, 14, 14, 14, 14, 14, 14, 14, 14
ch007, 14, 14, 14, 14, 14, 14, 14, 14
ch008, 14, 14, 14, 14, 14, 14, 14, 14
ch009, 14, 14, 14, 14, 14, 14, 14, 14
ch010, 14, 14, 14, 14, 14, 14, 14, 14
ch011, 14, 14, 14, 14, 14, 14, 14, 14
ch012, 14, 14, 14, 14, 14, 14, 14, 14
ch013, 14, 14, 14, 14, 14, 14, 14, 14
ch014, x, x, x, x, x, x, x, x
ch036, 21, 21, 21, 21, 21, 21, 21, 21
ch038, 21, 21, 21, 21, 21, 21, 21, 21
ch040, 21, 21, 21, 21, 21, 21, 21, 21
ch042, 21, 21, 21, 21, 21, 21, 21, 21
ch044, 21, 21, 21, 21, 21, 21, 21, 21
ch046, 21, 21, 21, 21, 21, 21, 21, 21
ch048, 21, 21, 21, 21, 21, 21, 21, 21
ch050, x, x, x, x, x, x, x, x
ch052, 14, 14, 14, 14, 14, 14, 14, 14
ch054, 14, 14, 14, 14, 14, 14, 14, 14
ch056, 14, 14, 14, 14, 14, 14, 14, 14
ch058, 14, 14, 14, 14, 14, 14, 14, 14
ch060, 14, 14, 14, 14, 14, 14, 14, 14
ch062, 14, 14, 14, 14, 14, 14, 14, 14
ch064, 14, 14, 14, 14, 14, 14, 14, 14
ch100, 15, 15, 15, 15, 15, 15, 15, 15
ch102, 15, 15, 15, 15, 15, 15, 15, 15
ch104, 15, 15, 15, 15, 15, 15, 15, 15
ch106, 15, 15, 15, 15, 15, 15, 15, 15
ch108, 15, 15, 15, 15, 15, 15, 15, 15
ch110, 15, 15, 15, 15, 15, 15, 15, 15
ch112, 15, 15, 15, 15, 15, 15, 15, 15
ch114, x, x, x, x, x, x, x, x
ch116, 15, 15, 15, 15, 15, 15, 15, 15
ch118, 15, 15, 15, 15, 15, 15, 15, 15
ch120, 15, 15, 15, 15, 15, 15, 15, 15
ch122, 15, 15, 15, 15, 15, 15, 15, 15
ch124, 15, 15, 15, 15, 15, 15, 15, 15
ch126, 15, 15, 15, 15, 15, 15, 15, 15
ch128, 15, 15, 15, 15, 15, 15, 15, 15
ch132, 16, 16, 16, 16, 16, 16, 16, 16
ch134, 16, 16, 16, 16, 16, 16, 16, 16
ch136, 16, 16, 16, 16, 16, 16, 16, 16
ch138, 16, 16, 16, 16, 16, 16, 16, 16
ch140, 16, 16, 16, 16, 16, 16, 16, 16
ch142, 13, 13, 13, 13, 13, 13, 13, 13
ch144, 13, 13, 13, 13, 13, 13, 13, 13
ch149, 14, 14, 14, 14, 14, 14, 14, 14
ch151, 14, 14, 14, 14, 14, 14, 14, 14
ch153, 14, 14, 14, 14, 14, 14, 14, 14
ch155, 14, 14, 14, 14, 14, 14, 14, 14
ch157, 14, 14, 14, 14, 14, 14, 14, 14
ch159, 14, 14, 14, 14, 14, 14, 14, 14
ch161, 14, 14, 14, 14, 14, 14, 14, 14
ch165, 14, 14, 14, 14, 14, 14, 14, 14
</ht20>

<ht40, m0, m1, m2, m3, m4, m5, m6, m7> 
ch038, 24, 24, 24, 24, 24, 24, 24, 24
ch042, 24, 24, 24, 24, 24, 24, 24, 24
ch046, 24, 24, 24, 24, 24, 24, 24, 24
ch050, x, x, x, x, x, x, x, x
ch054, 17, 17, 17, 17, 17, 17, 17, 17
ch058, 17, 17, 17, 17, 17, 17, 17, 17
ch062, 17, 17, 17, 17, 17, 17, 17, 17
ch102, 17, 17, 17, 17, 17, 17, 17, 17
ch106, 17, 17, 17, 17, 17, 17, 17, 17
ch110, 17, 17, 17, 17, 17, 17, 17, 17
ch114, x, x, x, x, x, x, x, x
ch118, 17, 17, 17, 17, 17, 17, 17, 17
ch122, 18, 18, 18, 18, 18, 18, 18, 18
ch126, 18, 18, 18, 18, 18, 18, 18, 18
ch134, 18, 18, 18, 18, 18, 18, 18, 18
ch138, 18, 18, 18, 18, 18, 18, 18, 18
ch142, 17, 17, 17, 17, 17, 17, 17, 17
ch151, 16, 16, 16, 16, 16, 16, 16, 16
ch155, 16, 16, 16, 16, 16, 16, 16, 16
ch159, 16, 16, 16, 16, 16, 16, 16, 16
</ht40>

<vht20, m0, m1, m2, m3, m4, m5, m6, m7, m8, m9>
ch001, 14, 14, 14, 14, 14, 14, 14, 14, 14, 14
ch002, 14, 14, 14, 14, 14, 14, 14, 14, 14, 14
ch003, 14, 14, 14, 14, 14, 14, 14, 14, 14, 14
ch004, 14, 14, 14, 14, 14, 14, 14, 14, 14, 14
ch005, 14, 14, 14, 14, 14, 14, 14, 14, 14, 14
ch006, 14, 14, 14, 14, 14, 14, 14, 14, 14, 14
ch007, 14, 14, 14, 14, 14, 14, 14, 14, 14, 14
ch008, 14, 14, 14, 14, 14, 14, 14, 14, 14, 14
ch009, 14, 14, 14, 14, 14, 14, 14, 14, 14, 14
ch010, 14, 14, 14, 14, 14, 14, 14, 14, 14, 14
ch011, 14, 14, 14, 14, 14, 14, 14, 14, 14, 14
ch012, 14, 14, 14, 14, 14, 14, 14, 14, 14, 14
ch013, 14, 14, 14, 14, 14, 14, 14, 14, 14, 14
ch014, x, x, x, x, x, x, x, x, x, x
ch036, 21, 21, 21, 21, 21, 21, 21, 21, 21, 21
ch038, 21, 21, 21, 21, 21, 21, 21, 21, 21, 21
ch040, 21, 21, 21, 21, 21, 21, 21, 21, 21, 21
ch042, 21, 21, 21, 21, 21, 21, 21, 21, 21, 21
ch044, 21, 21, 21, 21, 21, 21, 21, 21, 21, 21
ch046, 21, 21, 21, 21, 21, 21, 21, 21, 21, 21
ch048, 21, 21, 21, 21, 21, 21, 21, 21, 21, 21
ch050, x, x, x, x, x, x, x, x, x, x
ch052, 14, 14, 14, 14, 14, 14, 14, 14, 14, 14
ch054, 14, 14, 14, 14, 14, 14, 14, 14, 14, 14
ch056, 14, 14, 14, 14, 14, 14, 14, 14, 14, 14
ch058, 14, 14, 14, 14, 14, 14, 14, 14, 14, 14
ch060, 14, 14, 14, 14, 14, 14, 14, 14, 14, 14
ch062, 14, 14, 14, 14, 14, 14, 14, 14, 14, 14
ch064, 14, 14, 14, 14, 14, 14, 14, 14, 14, 14
ch100, 15, 15, 15, 15, 15, 15, 15, 15, 15, 15
ch102, 15, 15, 15, 15, 15, 15, 15, 15, 15, 15
ch104, 15, 15, 15, 15, 15, 15, 15, 15, 15, 15
ch106, 15, 15, 15, 15, 15, 15, 15, 15, 15, 15
ch108, 15, 15, 15, 15, 15, 15, 15, 15, 15, 15
ch110, 15, 15, 15, 15, 15, 15, 15, 15, 15, 15
ch112, 15, 15, 15, 15, 15, 15, 15, 15, 15, 15
ch114, x, x, x, x, x, x, x, x, x, x
ch116, 15, 15, 15, 15, 15, 15, 15, 15, 15, 15
ch118, 15, 15, 15, 15, 15, 15, 15, 15, 15, 15
ch120, 15, 15, 15, 15, 15, 15, 15, 15, 15, 15
ch122, 15, 15, 15, 15, 15, 15, 15, 15, 15, 15
ch124, 15, 15, 15, 15, 15, 15, 15, 15, 15, 15
ch126, 15, 15, 15, 15, 15, 15, 15, 15, 15, 15
ch128, 15, 15, 15, 15, 15, 15, 15, 15, 15, 15
ch132, 16, 16, 16, 16, 16, 16, 16, 16, 16, 16
ch134, 16, 16, 16, 16, 16, 16, 16, 16, 16, 16
ch136, 16, 16, 16, 16, 16, 16, 16, 16, 16, 16
ch138, 16, 16, 16, 16, 16, 16, 16, 16, 16, 16
ch140, 16, 16, 16, 16, 16, 16, 16, 16, 16, 16
ch142, 13, 13, 13, 13, 13, 13, 13, 13, 13, 13
ch144, 13, 13, 13, 13, 13, 13, 13, 13, 13, 13
ch149, 14, 14, 14, 14, 14, 14, 14, 14, 14, 14
ch151, 14, 14, 14, 14, 14, 14, 14, 14, 14, 14
ch153, 14, 14, 14, 14, 14, 14, 14, 14, 14, 14
ch155, 14, 14, 14, 14, 14, 14, 14, 14, 14, 14
ch157, 14, 14, 14, 14, 14, 14, 14, 14, 14, 14
ch159, 14, 14, 14, 14, 14, 14, 14, 14, 14, 14
ch161, 14, 14, 14, 14, 14, 14, 14, 14, 14, 14
ch165, 14, 14, 14, 14, 14, 14, 14, 14, 14, 14
</vht20>

<vht40, m0, m1, m2, m3, m4, m5, m6, m7, m8, m9>
ch038, 24, 24, 24, 24, 24, 24, 24, 24, 24, 24
ch042, 24, 24, 24, 24, 24, 24, 24, 24, 24, 24
ch046, 24, 24, 24, 24, 24, 24, 24, 24, 24, 24
ch050, x, x, x, x, x, x, x, x, x, x
ch054, 17, 17, 17, 17, 17, 17, 17, 17, 17, 17
ch058, 17, 17, 17, 17, 17, 17, 17, 17, 17, 17
ch062, 17, 17, 17, 17, 17, 17, 17, 17, 17, 17
ch102, 17, 17, 17, 17, 17, 17, 17, 17, 17, 17
ch106, 17, 17, 17, 17, 17, 17, 17, 17, 17, 17
ch110, 17, 17, 17, 17, 17, 17, 17, 17, 17, 17
ch114, x, x, x, x, x, x, x, x, x, x
ch118, 17, 17, 17, 17, 17, 17, 17, 17, 17, 17
ch122, 18, 18, 18, 18, 18, 18, 18, 18, 18, 18
ch126, 18, 18, 18, 18, 18, 18, 18, 18, 18, 18
ch134, 18, 18, 18, 18, 18, 18, 18, 18, 18, 18
ch138, 18, 18, 18, 18, 18, 18, 18, 18, 18, 18
ch142, 17, 17, 17, 17, 17, 17, 17, 17, 17, 17
ch151, 16, 16, 16, 16, 16, 16, 16, 16, 16, 16
ch155, 16, 16, 16, 16, 16, 16, 16, 16, 16, 16
ch159, 16, 16, 16, 16, 16, 16, 16, 16, 16, 16
</vht40>

<vht80, m0, m1, m2, m3, m4, m5, m6, m7, m8, m9> 
ch042, 24, 24, 24, 24, 24, 24, 24, 24, 24, 24
ch050, x, x, x, x, x, x, x, x, x, x
ch058, 16, 16, 16, 16, 16, 16, 16, 16, 16, 16
ch106, 17, 17, 17, 17, 17, 17, 17, 17, 17, 17
ch114, x, x, x, x, x, x, x, x, x, x
ch122, 16, 16, 16, 16, 16, 16, 16, 16, 16, 16
ch138, 17, 17, 17, 17, 17, 17, 17, 17, 17, 17
ch155, 17, 17, 17, 17, 17, 17, 17, 17, 17, 17
</vht80>

<ru26, m0, m1, m2, m3, m4, m5, m6, m7, m8, m9, m10, m11>
ch001, -3, -3, -3, -3, -3, -3, -3, -3, -3, -3, -3, -3
ch002, -3, -3, -3, -3, -3, -3, -3, -3, -3, -3, -3, -3
ch003, -3, -3, -3, -3, -3, -3, -3, -3, -3, -3, -3, -3
ch004, -3, -3, -3, -3, -3, -3, -3, -3, -3, -3, -3, -3
ch005, -3, -3, -3, -3, -3, -3, -3, -3, -3, -3, -3, -3
ch006, -3, -3, -3, -3, -3, -3, -3, -3, -3, -3, -3, -3
ch007, -3, -3, -3, -3, -3, -3, -3, -3, -3, -3, -3, -3
ch008, -3, -3, -3, -3, -3, -3, -3, -3, -3, -3, -3, -3
ch009, -3, -3, -3, -3, -3, -3, -3, -3, -3, -3, -3, -3
ch010, -3, -3, -3, -3, -3, -3, -3, -3, -3, -3, -3, -3
ch011, -3, -3, -3, -3, -3, -3, -3, -3, -3, -3, -3, -3
ch012, -3, -3, -3, -3, -3, -3, -3, -3, -3, -3, -3, -3
ch013, -3, -3, -3, -3, -3, -3, -3, -3, -3, -3, -3, -3
ch014, x, x, x, x, x, x, x, x, x, x, x, x
ch036, 5, 5, 5, 5, 5, 5, 5, 5, 5, 5, 5, 5
ch038, 5, 5, 5, 5, 5, 5, 5, 5, 5, 5, 5, 5
ch040, 5, 5, 5, 5, 5, 5, 5, 5, 5, 5, 5, 5
ch042, 5, 5, 5, 5, 5, 5, 5, 5, 5, 5, 5, 5
ch044, 5, 5, 5, 5, 5, 5, 5, 5, 5, 5, 5, 5
ch046, 5, 5, 5, 5, 5, 5, 5, 5, 5, 5, 5, 5
ch048, 5, 5, 5, 5, 5, 5, 5, 5, 5, 5, 5, 5
ch050, x, x, x, x, x, x, x, x, x, x, x, x
ch052, -1, -1, -1, -1, -1, -1, -1, -1, -1, -1, -1, -1
ch054, -1, -1, -1, -1, -1, -1, -1, -1, -1, -1, -1, -1
ch056, -1, -1, -1, -1, -1, -1, -1, -1, -1, -1, -1, -1
ch058, -1, -1, -1, -1, -1, -1, -1, -1, -1, -1, -1, -1
ch060, -1, -1, -1, -1, -1, -1, -1, -1, -1, -1, -1, -1
ch062, -1, -1, -1, -1, -1, -1, -1, -1, -1, -1, -1, -1
ch064, -1, -1, -1, -1, -1, -1, -1, -1, -1, -1, -1, -1
ch100, 0, 0, 0, 0, 0, 0, 0, 0, 0, 0, 0, 0
ch102, 0, 0, 0, 0, 0, 0, 0, 0, 0, 0, 0, 0
ch104, 0, 0, 0, 0, 0, 0, 0, 0, 0, 0, 0, 0
ch106, 0, 0, 0, 0, 0, 0, 0, 0, 0, 0, 0, 0
ch108, 0, 0, 0, 0, 0, 0, 0, 0, 0, 0, 0, 0
ch110, 0, 0, 0, 0, 0, 0, 0, 0, 0, 0, 0, 0
ch112, 0, 0, 0, 0, 0, 0, 0, 0, 0, 0, 0, 0
ch114, x, x, x, x, x, x, x, x, x, x, x, x
ch116, 0, 0, 0, 0, 0, 0, 0, 0, 0, 0, 0, 0
ch118, 0, 0, 0, 0, 0, 0, 0, 0, 0, 0, 0, 0
ch120, 0, 0, 0, 0, 0, 0, 0, 0, 0, 0, 0, 0
ch122, 0, 0, 0, 0, 0, 0, 0, 0, 0, 0, 0, 0
ch124, 0, 0, 0, 0, 0, 0, 0, 0, 0, 0, 0, 0
ch126, 0, 0, 0, 0, 0, 0, 0, 0, 0, 0, 0, 0
ch128, 0, 0, 0, 0, 0, 0, 0, 0, 0, 0, 0, 0
ch132, 1, 1, 1, 1, 1, 1, 1, 1, 1, 1, 1, 1
ch134, 1, 1, 1, 1, 1, 1, 1, 1, 1, 1, 1, 1
ch136, 1, 1, 1, 1, 1, 1, 1, 1, 1, 1, 1, 1
ch138, 1, 1, 1, 1, 1, 1, 1, 1, 1, 1, 1, 1
ch140, 1, 1, 1, 1, 1, 1, 1, 1, 1, 1, 1, 1
ch142, 0, 0, 0, 0, 0, 0, 0, 0, 0, 0, 0, 0
ch144, 0, 0, 0, 0, 0, 0, 0, 0, 0, 0, 0, 0
ch149, -1, -1, -1, -1, -1, -1, -1, -1, -1, -1, -1, -1
ch151, -1, -1, -1, -1, -1, -1, -1, -1, -1, -1, -1, -1
ch153, -1, -1, -1, -1, -1, -1, -1, -1, -1, -1, -1, -1
ch155, -1, -1, -1, -1, -1, -1, -1, -1, -1, -1, -1, -1
ch157, -3, -3, -3, -3, -3, -3, -3, -3, -3, -3, -3, -3
ch159, -3, -3, -3, -3, -3, -3, -3, -3, -3, -3, -3, -3
ch161, -1, -1, -1, -1, -1, -1, -1, -1, -1, -1, -1, -1
ch165, -1, -1, -1, -1, -1, -1, -1, -1, -1, -1, -1, -1
</ru26>

<ru52, m0, m1, m2, m3, m4, m5, m6, m7, m8, m9, m10, m11>
ch001, 3, 3, 3, 3, 3, 3, 3, 3, 3, 3, 3, 3
ch002, 3, 3, 3, 3, 3, 3, 3, 3, 3, 3, 3, 3
ch003, 2, 2, 2, 2, 2, 2, 2, 2, 2, 2, 2, 2
ch004, 2, 2, 2, 2, 2, 2, 2, 2, 2, 2, 2, 2
ch005, 2, 2, 2, 2, 2, 2, 2, 2, 2, 2, 2, 2
ch006, 2, 2, 2, 2, 2, 2, 2, 2, 2, 2, 2, 2
ch007, 2, 2, 2, 2, 2, 2, 2, 2, 2, 2, 2, 2
ch008, 2, 2, 2, 2, 2, 2, 2, 2, 2, 2, 2, 2
ch009, 2, 2, 2, 2, 2, 2, 2, 2, 2, 2, 2, 2
ch010, 2, 2, 2, 2, 2, 2, 2, 2, 2, 2, 2, 2
ch011, 2, 2, 2, 2, 2, 2, 2, 2, 2, 2, 2, 2
ch012, 2, 2, 2, 2, 2, 2, 2, 2, 2, 2, 2, 2
ch013, 2, 2, 2, 2, 2, 2, 2, 2, 2, 2, 2, 2
ch014, x, x, x, x, x, x, x, x, x, x, x, x
ch036, 10, 10, 10, 10, 10, 10, 10, 10, 10, 10, 10, 10
ch038, 10, 10, 10, 10, 10, 10, 10, 10, 10, 10, 10, 10
ch040, 10, 10, 10, 10, 10, 10, 10, 10, 10, 10, 10, 10
ch042, 10, 10, 10, 10, 10, 10, 10, 10, 10, 10, 10, 10
ch044, 10, 10, 10, 10, 10, 10, 10, 10, 10, 10, 10, 10
ch046, 10, 10, 10, 10, 10, 10, 10, 10, 10, 10, 10, 10
ch048, 10, 10, 10, 10, 10, 10, 10, 10, 10, 10, 10, 10
ch050, x, x, x, x, x, x, x, x, x, x, x, x
ch052, 4, 4, 4, 4, 4, 4, 4, 4, 4, 4, 4, 4
ch054, 4, 4, 4, 4, 4, 4, 4, 4, 4, 4, 4, 4
ch056, 4, 4, 4, 4, 4, 4, 4, 4, 4, 4, 4, 4
ch058, 4, 4, 4, 4, 4, 4, 4, 4, 4, 4, 4, 4
ch060, 4, 4, 4, 4, 4, 4, 4, 4, 4, 4, 4, 4
ch062, 4, 4, 4, 4, 4, 4, 4, 4, 4, 4, 4, 4
ch064, 4, 4, 4, 4, 4, 4, 4, 4, 4, 4, 4, 4
ch100, 5, 5, 5, 5, 5, 5, 5, 5, 5, 5, 5, 5
ch102, 5, 5, 5, 5, 5, 5, 5, 5, 5, 5, 5, 5
ch104, 5, 5, 5, 5, 5, 5, 5, 5, 5, 5, 5, 5
ch106, 5, 5, 5, 5, 5, 5, 5, 5, 5, 5, 5, 5
ch108, 5, 5, 5, 5, 5, 5, 5, 5, 5, 5, 5, 5
ch110, 5, 5, 5, 5, 5, 5, 5, 5, 5, 5, 5, 5
ch112, 5, 5, 5, 5, 5, 5, 5, 5, 5, 5, 5, 5
ch114, x, x, x, x, x, x, x, x, x, x, x, x
ch116, 5, 5, 5, 5, 5, 5, 5, 5, 5, 5, 5, 5
ch118, 5, 5, 5, 5, 5, 5, 5, 5, 5, 5, 5, 5
ch120, 5, 5, 5, 5, 5, 5, 5, 5, 5, 5, 5, 5
ch122, 5, 5, 5, 5, 5, 5, 5, 5, 5, 5, 5, 5
ch124, 5, 5, 5, 5, 5, 5, 5, 5, 5, 5, 5, 5
ch126, 5, 5, 5, 5, 5, 5, 5, 5, 5, 5, 5, 5
ch128, 5, 5, 5, 5, 5, 5, 5, 5, 5, 5, 5, 5
ch132, 6, 6, 6, 6, 6, 6, 6, 6, 6, 6, 6, 6
ch134, 6, 6, 6, 6, 6, 6, 6, 6, 6, 6, 6, 6
ch136, 6, 6, 6, 6, 6, 6, 6, 6, 6, 6, 6, 6
ch138, 6, 6, 6, 6, 6, 6, 6, 6, 6, 6, 6, 6
ch140, 6, 6, 6, 6, 6, 6, 6, 6, 6, 6, 6, 6
ch142, 5, 5, 5, 5, 5, 5, 5, 5, 5, 5, 5, 5
ch144, 5, 5, 5, 5, 5, 5, 5, 5, 5, 5, 5, 5
ch149, 4, 4, 4, 4, 4, 4, 4, 4, 4, 4, 4, 4
ch151, 4, 4, 4, 4, 4, 4, 4, 4, 4, 4, 4, 4
ch153, 4, 4, 4, 4, 4, 4, 4, 4, 4, 4, 4, 4
ch155, 4, 4, 4, 4, 4, 4, 4, 4, 4, 4, 4, 4
ch157, 4, 4, 4, 4, 4, 4, 4, 4, 4, 4, 4, 4
ch159, 4, 4, 4, 4, 4, 4, 4, 4, 4, 4, 4, 4
ch161, 4, 4, 4, 4, 4, 4, 4, 4, 4, 4, 4, 4
ch165, 4, 4, 4, 4, 4, 4, 4, 4, 4, 4, 4, 4
</ru52>

<ru106, m0, m1, m2, m3, m4, m5, m6, m7, m8, m9, m10, m11>
ch001, 9, 9, 9, 9, 9, 9, 9, 9, 9, 9, 9, 9
ch002, 9, 9, 9, 9, 9, 9, 9, 9, 9, 9, 9, 9
ch003, 8, 8, 8, 8, 8, 8, 8, 8, 8, 8, 8, 8
ch004, 8, 8, 8, 8, 8, 8, 8, 8, 8, 8, 8, 8
ch005, 8, 8, 8, 8, 8, 8, 8, 8, 8, 8, 8, 8
ch006, 8, 8, 8, 8, 8, 8, 8, 8, 8, 8, 8, 8
ch007, 8, 8, 8, 8, 8, 8, 8, 8, 8, 8, 8, 8
ch008, 8, 8, 8, 8, 8, 8, 8, 8, 8, 8, 8, 8
ch009, 8, 8, 8, 8, 8, 8, 8, 8, 8, 8, 8, 8
ch010, 7, 7, 7, 7, 7, 7, 7, 7, 7, 7, 7, 7
ch011, 7, 7, 7, 7, 7, 7, 7, 7, 7, 7, 7, 7
ch012, 7, 7, 7, 7, 7, 7, 7, 7, 7, 7, 7, 7
ch013, 7, 7, 7, 7, 7, 7, 7, 7, 7, 7, 7, 7
ch014, x, x, x, x, x, x, x, x, x, x, x, x
ch036, 16, 16, 16, 16, 16, 16, 16, 16, 16, 16, 16, 16
ch038, 16, 16, 16, 16, 16, 16, 16, 16, 16, 16, 16, 16
ch040, 16, 16, 16, 16, 16, 16, 16, 16, 16, 16, 16, 16
ch042, 16, 16, 16, 16, 16, 16, 16, 16, 16, 16, 16, 16
ch044, 16, 16, 16, 16, 16, 16, 16, 16, 16, 16, 16, 16
ch046, 16, 16, 16, 16, 16, 16, 16, 16, 16, 16, 16, 16
ch048, 16, 16, 16, 16, 16, 16, 16, 16, 16, 16, 16, 16
ch050, x, x, x, x, x, x, x, x, x, x, x, x
ch052, 9, 9, 9, 9, 9, 9, 9, 9, 9, 9, 9, 9
ch054, 9, 9, 9, 9, 9, 9, 9, 9, 9, 9, 9, 9
ch056, 9, 9, 9, 9, 9, 9, 9, 9, 9, 9, 9, 9
ch058, 9, 9, 9, 9, 9, 9, 9, 9, 9, 9, 9, 9
ch060, 9, 9, 9, 9, 9, 9, 9, 9, 9, 9, 9, 9
ch062, 9, 9, 9, 9, 9, 9, 9, 9, 9, 9, 9, 9
ch064, 9, 9, 9, 9, 9, 9, 9, 9, 9, 9, 9, 9
ch100, 10, 10, 10, 10, 10, 10, 10, 10, 10, 10, 10, 10
ch102, 10, 10, 10, 10, 10, 10, 10, 10, 10, 10, 10, 10
ch104, 10, 10, 10, 10, 10, 10, 10, 10, 10, 10, 10, 10
ch106, 10, 10, 10, 10, 10, 10, 10, 10, 10, 10, 10, 10
ch108, 10, 10, 10, 10, 10, 10, 10, 10, 10, 10, 10, 10
ch110, 10, 10, 10, 10, 10, 10, 10, 10, 10, 10, 10, 10
ch112, 10, 10, 10, 10, 10, 10, 10, 10, 10, 10, 10, 10
ch114, x, x, x, x, x, x, x, x, x, x, x, x
ch116, 10, 10, 10, 10, 10, 10, 10, 10, 10, 10, 10, 10
ch118, 10, 10, 10, 10, 10, 10, 10, 10, 10, 10, 10, 10
ch120, 10, 10, 10, 10, 10, 10, 10, 10, 10, 10, 10, 10
ch122, 10, 10, 10, 10, 10, 10, 10, 10, 10, 10, 10, 10
ch124, 10, 10, 10, 10, 10, 10, 10, 10, 10, 10, 10, 10
ch126, 10, 10, 10, 10, 10, 10, 10, 10, 10, 10, 10, 10
ch128, 10, 10, 10, 10, 10, 10, 10, 10, 10, 10, 10, 10
ch132, 11, 11, 11, 11, 11, 11, 11, 11, 11, 11, 11, 11
ch134, 11, 11, 11, 11, 11, 11, 11, 11, 11, 11, 11, 11
ch136, 11, 11, 11, 11, 11, 11, 11, 11, 11, 11, 11, 11
ch138, 11, 11, 11, 11, 11, 11, 11, 11, 11, 11, 11, 11
ch140, 11, 11, 11, 11, 11, 11, 11, 11, 11, 11, 11, 11
ch142, 9, 9, 9, 9, 9, 9, 9, 9, 9, 9, 9, 9
ch144, 9, 9, 9, 9, 9, 9, 9, 9, 9, 9, 9, 9
ch149, 9, 9, 9, 9, 9, 9, 9, 9, 9, 9, 9, 9
ch151, 9, 9, 9, 9, 9, 9, 9, 9, 9, 9, 9, 9
ch153, 9, 9, 9, 9, 9, 9, 9, 9, 9, 9, 9, 9
ch155, 9, 9, 9, 9, 9, 9, 9, 9, 9, 9, 9, 9
ch157, 9, 9, 9, 9, 9, 9, 9, 9, 9, 9, 9, 9
ch159, 9, 9, 9, 9, 9, 9, 9, 9, 9, 9, 9, 9
ch161, 9, 9, 9, 9, 9, 9, 9, 9, 9, 9, 9, 9
ch165, 9, 9, 9, 9, 9, 9, 9, 9, 9, 9, 9, 9
</ru106>

<ru242, m0, m1, m2, m3, m4, m5, m6, m7, m8, m9, m10, m11>
ch001, 14, 14, 14, 14, 14, 14, 14, 14, 14, 14, 14, 14
ch002, 14, 14, 14, 14, 14, 14, 14, 14, 14, 14, 14, 14
ch003, 14, 14, 14, 14, 14, 14, 14, 14, 14, 14, 14, 14
ch004, 14, 14, 14, 14, 14, 14, 14, 14, 14, 14, 14, 14
ch005, 14, 14, 14, 14, 14, 14, 14, 14, 14, 14, 14, 14
ch006, 14, 14, 14, 14, 14, 14, 14, 14, 14, 14, 14, 14
ch007, 14, 14, 14, 14, 14, 14, 14, 14, 14, 14, 14, 14
ch008, 14, 14, 14, 14, 14, 14, 14, 14, 14, 14, 14, 14
ch009, 14, 14, 14, 14, 14, 14, 14, 14, 14, 14, 14, 14
ch010, 14, 14, 14, 14, 14, 14, 14, 14, 14, 14, 14, 14
ch011, 14, 14, 14, 14, 14, 14, 14, 14, 14, 14, 14, 14
ch012, 14, 14, 14, 14, 14, 14, 14, 14, 14, 14, 14, 14
ch013, 14, 14, 14, 14, 14, 14, 14, 14, 14, 14, 14, 14
ch014, x, x, x, x, x, x, x, x, x, x, x, x
ch036, 21, 21, 21, 21, 21, 21, 21, 21, 21, 21, 21, 21
ch038, 19, 19, 19, 19, 19, 19, 19, 19, 19, 19, 19, 19
ch040, 21, 21, 21, 21, 21, 21, 21, 21, 21, 21, 21, 21
ch042, 19, 19, 19, 19, 19, 19, 19, 19, 19, 19, 19, 19
ch044, 21, 21, 21, 21, 21, 21, 21, 21, 21, 21, 21, 21
ch046, 19, 19, 19, 19, 19, 19, 19, 19, 19, 19, 19, 19
ch048, 21, 21, 21, 21, 21, 21, 21, 21, 21, 21, 21, 21
ch050, x, x, x, x, x, x, x, x, x, x, x, x
ch052, 14, 14, 14, 14, 14, 14, 14, 14, 14, 14, 14, 14
ch054, 13, 13, 13, 13, 13, 13, 13, 13, 13, 13, 13, 13
ch056, 14, 14, 14, 14, 14, 14, 14, 14, 14, 14, 14, 14
ch058, 13, 13, 13, 13, 13, 13, 13, 13, 13, 13, 13, 13
ch060, 14, 14, 14, 14, 14, 14, 14, 14, 14, 14, 14, 14
ch062, 13, 13, 13, 13, 13, 13, 13, 13, 13, 13, 13, 13
ch064, 14, 14, 14, 14, 14, 14, 14, 14, 14, 14, 14, 14
ch100, 15, 15, 15, 15, 15, 15, 15, 15, 15, 15, 15, 15
ch102, 13, 13, 13, 13, 13, 13, 13, 13, 13, 13, 13, 13
ch104, 15, 15, 15, 15, 15, 15, 15, 15, 15, 15, 15, 15
ch106, 13, 13, 13, 13, 13, 13, 13, 13, 13, 13, 13, 13
ch108, 15, 15, 15, 15, 15, 15, 15, 15, 15, 15, 15, 15
ch110, 13, 13, 13, 13, 13, 13, 13, 13, 13, 13, 13, 13
ch112, 15, 15, 15, 15, 15, 15, 15, 15, 15, 15, 15, 15
ch114, x, x, x, x, x, x, x, x, x, x, x, x
ch116, 15, 15, 15, 15, 15, 15, 15, 15, 15, 15, 15, 15
ch118, 13, 13, 13, 13, 13, 13, 13, 13, 13, 13, 13, 13
ch120, 15, 15, 15, 15, 15, 15, 15, 15, 15, 15, 15, 15
ch122, 14, 14, 14, 14, 14, 14, 14, 14, 14, 14, 14, 14
ch124, 15, 15, 15, 15, 15, 15, 15, 15, 15, 15, 15, 15
ch126, 14, 14, 14, 14, 14, 14, 14, 14, 14, 14, 14, 14
ch128, 15, 15, 15, 15, 15, 15, 15, 15, 15, 15, 15, 15
ch132, 16, 16, 16, 16, 16, 16, 16, 16, 16, 16, 16, 16
ch134, 14, 14, 14, 14, 14, 14, 14, 14, 14, 14, 14, 14
ch136, 16, 16, 16, 16, 16, 16, 16, 16, 16, 16, 16, 16
ch138, 14, 14, 14, 14, 14, 14, 14, 14, 14, 14, 14, 14
ch140, 16, 16, 16, 16, 16, 16, 16, 16, 16, 16, 16, 16
ch142, 12, 12, 12, 12, 12, 12, 12, 12, 12, 12, 12, 12
ch144, 13, 13, 13, 13, 13, 13, 13, 13, 13, 13, 13, 13
ch149, 14, 14, 14, 14, 14, 14, 14, 14, 14, 14, 14, 14
ch151, 11, 11, 11, 11, 11, 11, 11, 11, 11, 11, 11, 11
ch153, 14, 14, 14, 14, 14, 14, 14, 14, 14, 14, 14, 14
ch155, 11, 11, 11, 11, 11, 11, 11, 11, 11, 11, 11, 11
ch157, 14, 14, 14, 14, 14, 14, 14, 14, 14, 14, 14, 14
ch159, 12, 12, 12, 12, 12, 12, 12, 12, 12, 12, 12, 12
ch161, 14, 14, 14, 14, 14, 14, 14, 14, 14, 14, 14, 14
ch165, 14, 14, 14, 14, 14, 14, 14, 14, 14, 14, 14, 14
</ru242>

<ru484, m0, m1, m2, m3, m4, m5, m6, m7, m8, m9, m10, m11>
ch038, 24, 24, 24, 24, 24, 24, 24, 24, 24, 24, 24, 24
ch042, 20, 20, 20, 20, 20, 20, 20, 20, 20, 20, 20, 20
ch046, 24, 24, 24, 24, 24, 24, 24, 24, 24, 24, 24, 24
ch050, x, x, x, x, x, x, x, x, x, x, x, x
ch054, 17, 17, 17, 17, 17, 17, 17, 17, 17, 17, 17, 17
ch058, 12, 12, 12, 12, 12, 12, 12, 12, 12, 12, 12, 12
ch062, 17, 17, 17, 17, 17, 17, 17, 17, 17, 17, 17, 17
ch102, 17, 17, 17, 17, 17, 17, 17, 17, 17, 17, 17, 17
ch106, 14, 14, 14, 14, 14, 14, 14, 14, 14, 14, 14, 14
ch110, 17, 17, 17, 17, 17, 17, 17, 17, 17, 17, 17, 17
ch114, x, x, x, x, x, x, x, x, x, x, x, x
ch118, 17, 17, 17, 17, 17, 17, 17, 17, 17, 17, 17, 17
ch122, 13, 13, 13, 13, 13, 13, 13, 13, 13, 13, 13, 13
ch126, 18, 18, 18, 18, 18, 18, 18, 18, 18, 18, 18, 18
ch134, 18, 18, 18, 18, 18, 18, 18, 18, 18, 18, 18, 18
ch138, 14, 14, 14, 14, 14, 14, 14, 14, 14, 14, 14, 14
ch142, 17, 17, 17, 17, 17, 17, 17, 17, 17, 17, 17, 17
ch151, 16, 16, 16, 16, 16, 16, 16, 16, 16, 16, 16, 16
ch155, 14, 14, 14, 14, 14, 14, 14, 14, 14, 14, 14, 14
ch159, 16, 16, 16, 16, 16, 16, 16, 16, 16, 16, 16, 16
</ru484>

<ru996, m0, m1, m2, m3, m4, m5, m6, m7, m8, m9, m10, m11> 
ch042, 24, 24, 24, 24, 24, 24, 24, 24, 24, 24, 24, 24
ch050, x, x, x, x, x, x, x, x, x, x, x, x
ch058, 16, 16, 16, 16, 16, 16, 16, 16, 16, 16, 16, 16
ch106, 17, 17, 17, 17, 17, 17, 17, 17, 17, 17, 17, 17
ch114, x, x, x, x, x, x, x, x, x, x, x, x
ch122, 16, 16, 16, 16, 16, 16, 16, 16, 16, 16, 16, 16
ch138, 17, 17, 17, 17, 17, 17, 17, 17, 17, 17, 17, 17
ch155, 17, 17, 17, 17, 17, 17, 17, 17, 17, 17, 17, 17
</ru996>

[JP]
<cck,  c1, c2, c5, c11>
ch001, 14, 14, 14, 14
ch002, 14, 14, 14, 14
ch003, 14, 14, 14, 14
ch004, 14, 14, 14, 14
ch005, 14, 14, 14, 14
ch006, 14, 14, 14, 14
ch007, 14, 14, 14, 14
ch008, 14, 14, 14, 14
ch009, 14, 14, 14, 14
ch010, 14, 14, 14, 14
ch011, 14, 14, 14, 14
ch012, 14, 14, 14, 14
ch013, 14, 14, 14, 14
ch014, x, x, x, x
</cck>

<ofdm, o6, o9, o12, o18, o24, o36, o48, o54>
ch001, 19, 19, 19, 19, 19, 19, 19, 19
ch002, 19, 19, 19, 19, 19, 19, 19, 19
ch003, 19, 19, 19, 19, 19, 19, 19, 19
ch004, 19, 19, 19, 19, 19, 19, 19, 19
ch005, 19, 19, 19, 19, 19, 19, 19, 19
ch006, 19, 19, 19, 19, 19, 19, 19, 19
ch007, 19, 19, 19, 19, 19, 19, 19, 19
ch008, 19, 19, 19, 19, 19, 19, 19, 19
ch009, 19, 19, 19, 19, 19, 19, 19, 19
ch010, 18, 18, 18, 18, 18, 18, 18, 18
ch011, 18, 18, 18, 18, 18, 18, 18, 18
ch012, 18, 18, 18, 18, 18, 18, 18, 18
ch013, 18, 18, 18, 18, 18, 18, 18, 18
ch014, x, x, x, x, x, x, x, x
ch036, 23, 23, 23, 23, 23, 23, 23, 23
ch038, 23, 23, 23, 23, 23, 23, 23, 23
ch040, 23, 23, 23, 23, 23, 23, 23, 23
ch042, 23, 23, 23, 23, 23, 23, 23, 23
ch044, 23, 23, 23, 23, 23, 23, 23, 23
ch046, 23, 23, 23, 23, 23, 23, 23, 23
ch048, 23, 23, 23, 23, 23, 23, 23, 23
ch050, x, x, x, x, x, x, x, x
ch052, 14, 14, 14, 14, 14, 14, 14, 14
ch054, 14, 14, 14, 14, 14, 14, 14, 14
ch056, 13, 13, 13, 13, 13, 13, 13, 13
ch058, 13, 13, 13, 13, 13, 13, 13, 13
ch060, 13, 13, 13, 13, 13, 13, 13, 13
ch062, 13, 13, 13, 13, 13, 13, 13, 13
ch064, 13, 13, 13, 13, 13, 13, 13, 13
ch100, 27, 27, 27, 27, 27, 27, 27, 27
ch102, 27, 27, 27, 27, 27, 27, 27, 27
ch104, 27, 27, 27, 27, 27, 27, 27, 27
ch106, 27, 27, 27, 27, 27, 27, 27, 27
ch108, 27, 27, 27, 27, 27, 27, 27, 27
ch110, 27, 27, 27, 27, 27, 27, 27, 27
ch112, 27, 27, 27, 27, 27, 27, 27, 27
ch114, x, x, x, x, x, x, x, x
ch116, 27, 27, 27, 27, 27, 27, 27, 27
ch118, 27, 27, 27, 27, 27, 27, 27, 27
ch120, 27, 27, 27, 27, 27, 27, 27, 27
ch122, 27, 27, 27, 27, 27, 27, 27, 27
ch124, 27, 27, 27, 27, 27, 27, 27, 27
ch126, 27, 27, 27, 27, 27, 27, 27, 27
ch128, 27, 27, 27, 27, 27, 27, 27, 27
ch132, 29, 29, 29, 29, 29, 29, 29, 29
ch134, 29, 29, 29, 29, 29, 29, 29, 29
ch136, 29, 29, 29, 29, 29, 29, 29, 29
ch138, 29, 29, 29, 29, 29, 29, 29, 29
ch140, 29, 29, 29, 29, 29, 29, 29, 29
ch142, 29, 29, 29, 29, 29, 29, 29, 29
ch144, 29, 29, 29, 29, 29, 29, 29, 29
ch149, x, x, x, x, x, x, x, x
ch151, x, x, x, x, x, x, x, x
ch153, x, x, x, x, x, x, x, x
ch155, x, x, x, x, x, x, x, x
ch157, x, x, x, x, x, x, x, x
ch159, x, x, x, x, x, x, x, x
ch161, x, x, x, x, x, x, x, x
ch165, x, x, x, x, x, x, x, x
</ofdm>

<ht20, m0, m1, m2, m3, m4, m5, m6, m7>
ch001, 19, 19, 19, 19, 19, 19, 19, 19
ch002, 19, 19, 19, 19, 19, 19, 19, 19
ch003, 19, 19, 19, 19, 19, 19, 19, 19
ch004, 19, 19, 19, 19, 19, 19, 19, 19
ch005, 19, 19, 19, 19, 19, 19, 19, 19
ch006, 19, 19, 19, 19, 19, 19, 19, 19
ch007, 19, 19, 19, 19, 19, 19, 19, 19
ch008, 19, 19, 19, 19, 19, 19, 19, 19
ch009, 19, 19, 19, 19, 19, 19, 19, 19
ch010, 19, 19, 19, 19, 19, 19, 19, 19
ch011, 19, 19, 19, 19, 19, 19, 19, 19
ch012, 19, 19, 19, 19, 19, 19, 19, 19
ch013, 19, 19, 19, 19, 19, 19, 19, 19
ch014, x, x, x, x, x, x, x, x
ch036, 24, 24, 24, 24, 24, 24, 24, 24
ch038, 24, 24, 24, 24, 24, 24, 24, 24
ch040, 24, 24, 24, 24, 24, 24, 24, 24
ch042, 24, 24, 24, 24, 24, 24, 24, 24
ch044, 23, 23, 23, 23, 23, 23, 23, 23
ch046, 23, 23, 23, 23, 23, 23, 23, 23
ch048, 23, 23, 23, 23, 23, 23, 23, 23
ch050, x, x, x, x, x, x, x, x
ch052, 14, 14, 14, 14, 14, 14, 14, 14
ch054, 14, 14, 14, 14, 14, 14, 14, 14
ch056, 13, 13, 13, 13, 13, 13, 13, 13
ch058, 13, 13, 13, 13, 13, 13, 13, 13
ch060, 13, 13, 13, 13, 13, 13, 13, 13
ch062, 13, 13, 13, 13, 13, 13, 13, 13
ch064, 13, 13, 13, 13, 13, 13, 13, 13
ch100, 28, 28, 28, 28, 28, 28, 28, 28
ch102, 28, 28, 28, 28, 28, 28, 28, 28
ch104, 28, 28, 28, 28, 28, 28, 28, 28
ch106, 28, 28, 28, 28, 28, 28, 28, 28
ch108, 28, 28, 28, 28, 28, 28, 28, 28
ch110, 28, 28, 28, 28, 28, 28, 28, 28
ch112, 28, 28, 28, 28, 28, 28, 28, 28
ch114, x, x, x, x, x, x, x, x
ch116, 28, 28, 28, 28, 28, 28, 28, 28
ch118, 28, 28, 28, 28, 28, 28, 28, 28
ch120, 28, 28, 28, 28, 28, 28, 28, 28
ch122, 28, 28, 28, 28, 28, 28, 28, 28
ch124, 28, 28, 28, 28, 28, 28, 28, 28
ch126, 28, 28, 28, 28, 28, 28, 28, 28
ch128, 28, 28, 28, 28, 28, 28, 28, 28
ch132, 28, 28, 28, 28, 28, 28, 28, 28
ch134, 28, 28, 28, 28, 28, 28, 28, 28
ch136, 28, 28, 28, 28, 28, 28, 28, 28
ch138, 28, 28, 28, 28, 28, 28, 28, 28
ch140, 28, 28, 28, 28, 28, 28, 28, 28
ch142, 28, 28, 28, 28, 28, 28, 28, 28
ch144, 28, 28, 28, 28, 28, 28, 28, 28
ch149, x, x, x, x, x, x, x, x
ch151, x, x, x, x, x, x, x, x
ch153, x, x, x, x, x, x, x, x
ch155, x, x, x, x, x, x, x, x
ch157, x, x, x, x, x, x, x, x
ch159, x, x, x, x, x, x, x, x
ch161, x, x, x, x, x, x, x, x
ch165, x, x, x, x, x, x, x, x
</ht20>

<ht40, m0, m1, m2, m3, m4, m5, m6, m7> 
ch038, 21, 21, 21, 21, 21, 21, 21, 21
ch042, 21, 21, 21, 21, 21, 21, 21, 21
ch046, 20, 20, 20, 20, 20, 20, 20, 20
ch050, x, x, x, x, x, x, x, x
ch054, 12, 12, 12, 12, 12, 12, 12, 12
ch058, 12, 12, 12, 12, 12, 12, 12, 12
ch062, 12, 12, 12, 12, 12, 12, 12, 12
ch102, 25, 25, 25, 25, 25, 25, 25, 25
ch106, 25, 25, 25, 25, 25, 25, 25, 25
ch110, 25, 25, 25, 25, 25, 25, 25, 25
ch114, x, x, x, x, x, x, x, x
ch118, 25, 25, 25, 25, 25, 25, 25, 25
ch122, 25, 25, 25, 25, 25, 25, 25, 25
ch126, 25, 25, 25, 25, 25, 25, 25, 25
ch134, 26, 26, 26, 26, 26, 26, 26, 26
ch138, 26, 26, 26, 26, 26, 26, 26, 26
ch142, 26, 26, 26, 26, 26, 26, 26, 26
ch151, x, x, x, x, x, x, x, x
ch155, x, x, x, x, x, x, x, x
ch159, x, x, x, x, x, x, x, x
</ht40>

<vht20, m0, m1, m2, m3, m4, m5, m6, m7, m8, m9>
ch001, 19, 19, 19, 19, 19, 19, 19, 19, 19, 19
ch002, 19, 19, 19, 19, 19, 19, 19, 19, 19, 19
ch003, 19, 19, 19, 19, 19, 19, 19, 19, 19, 19
ch004, 19, 19, 19, 19, 19, 19, 19, 19, 19, 19
ch005, 19, 19, 19, 19, 19, 19, 19, 19, 19, 19
ch006, 19, 19, 19, 19, 19, 19, 19, 19, 19, 19
ch007, 19, 19, 19, 19, 19, 19, 19, 19, 19, 19
ch008, 19, 19, 19, 19, 19, 19, 19, 19, 19, 19
ch009, 19, 19, 19, 19, 19, 19, 19, 19, 19, 19
ch010, 19, 19, 19, 19, 19, 19, 19, 19, 19, 19
ch011, 19, 19, 19, 19, 19, 19, 19, 19, 19, 19
ch012, 19, 19, 19, 19, 19, 19, 19, 19, 19, 19
ch013, 19, 19, 19, 19, 19, 19, 19, 19, 19, 19
ch014, x, x, x, x, x, x, x, x, x, x
ch036, 24, 24, 24, 24, 24, 24, 24, 24, 24, 24
ch038, 24, 24, 24, 24, 24, 24, 24, 24, 24, 24
ch040, 24, 24, 24, 24, 24, 24, 24, 24, 24, 24
ch042, 24, 24, 24, 24, 24, 24, 24, 24, 24, 24
ch044, 23, 23, 23, 23, 23, 23, 23, 23, 23, 23
ch046, 23, 23, 23, 23, 23, 23, 23, 23, 23, 23
ch048, 23, 23, 23, 23, 23, 23, 23, 23, 23, 23
ch050, x, x, x, x, x, x, x, x, x, x
ch052, 14, 14, 14, 14, 14, 14, 14, 14, 14, 14
ch054, 14, 14, 14, 14, 14, 14, 14, 14, 14, 14
ch056, 13, 13, 13, 13, 13, 13, 13, 13, 13, 13
ch058, 13, 13, 13, 13, 13, 13, 13, 13, 13, 13
ch060, 13, 13, 13, 13, 13, 13, 13, 13, 13, 13
ch062, 13, 13, 13, 13, 13, 13, 13, 13, 13, 13
ch064, 13, 13, 13, 13, 13, 13, 13, 13, 13, 13
ch100, 28, 28, 28, 28, 28, 28, 28, 28, 28, 28
ch102, 28, 28, 28, 28, 28, 28, 28, 28, 28, 28
ch104, 28, 28, 28, 28, 28, 28, 28, 28, 28, 28
ch106, 28, 28, 28, 28, 28, 28, 28, 28, 28, 28
ch108, 28, 28, 28, 28, 28, 28, 28, 28, 28, 28
ch110, 28, 28, 28, 28, 28, 28, 28, 28, 28, 28
ch112, 28, 28, 28, 28, 28, 28, 28, 28, 28, 28
ch114, x, x, x, x, x, x, x, x, x, x
ch116, 28, 28, 28, 28, 28, 28, 28, 28, 28, 28
ch118, 28, 28, 28, 28, 28, 28, 28, 28, 28, 28
ch120, 28, 28, 28, 28, 28, 28, 28, 28, 28, 28
ch122, 28, 28, 28, 28, 28, 28, 28, 28, 28, 28
ch124, 28, 28, 28, 28, 28, 28, 28, 28, 28, 28
ch126, 28, 28, 28, 28, 28, 28, 28, 28, 28, 28
ch128, 28, 28, 28, 28, 28, 28, 28, 28, 28, 28
ch132, 28, 28, 28, 28, 28, 28, 28, 28, 28, 28
ch134, 28, 28, 28, 28, 28, 28, 28, 28, 28, 28
ch136, 28, 28, 28, 28, 28, 28, 28, 28, 28, 28
ch138, 28, 28, 28, 28, 28, 28, 28, 28, 28, 28
ch140, 28, 28, 28, 28, 28, 28, 28, 28, 28, 28
ch142, 28, 28, 28, 28, 28, 28, 28, 28, 28, 28
ch144, 28, 28, 28, 28, 28, 28, 28, 28, 28, 28
ch149, x, x, x, x, x, x, x, x, x, x
ch151, x, x, x, x, x, x, x, x, x, x
ch153, x, x, x, x, x, x, x, x, x, x
ch155, x, x, x, x, x, x, x, x, x, x
ch157, x, x, x, x, x, x, x, x, x, x
ch159, x, x, x, x, x, x, x, x, x, x
ch161, x, x, x, x, x, x, x, x, x, x
ch165, x, x, x, x, x, x, x, x, x, x
</vht20>

<vht40, m0, m1, m2, m3, m4, m5, m6, m7, m8, m9>
ch038, 21, 21, 21, 21, 21, 21, 21, 21, 21, 21
ch042, 21, 21, 21, 21, 21, 21, 21, 21, 21, 21
ch046, 20, 20, 20, 20, 20, 20, 20, 20, 20, 20
ch050, x, x, x, x, x, x, x, x, x, x
ch054, 12, 12, 12, 12, 12, 12, 12, 12, 12, 12
ch058, 12, 12, 12, 12, 12, 12, 12, 12, 12, 12
ch062, 12, 12, 12, 12, 12, 12, 12, 12, 12, 12
ch102, 25, 25, 25, 25, 25, 25, 25, 25, 25, 25
ch106, 25, 25, 25, 25, 25, 25, 25, 25, 25, 25
ch110, 25, 25, 25, 25, 25, 25, 25, 25, 25, 25
ch114, x, x, x, x, x, x, x, x, x, x
ch118, 25, 25, 25, 25, 25, 25, 25, 25, 25, 25
ch122, 25, 25, 25, 25, 25, 25, 25, 25, 25, 25
ch126, 25, 25, 25, 25, 25, 25, 25, 25, 25, 25
ch134, 26, 26, 26, 26, 26, 26, 26, 26, 26, 26
ch138, 26, 26, 26, 26, 26, 26, 26, 26, 26, 26
ch142, 26, 26, 26, 26, 26, 26, 26, 26, 26, 26
ch151, x, x, x, x, x, x, x, x, x, x
ch155, x, x, x, x, x, x, x, x, x, x
ch159, x, x, x, x, x, x, x, x, x, x
</vht40>

<vht80, m0, m1, m2, m3, m4, m5, m6, m7, m8, m9> 
ch042, 23, 23, 23, 23, 23, 23, 23, 23, 23, 23
ch050, x, x, x, x, x, x, x, x, x, x
ch058, 14, 14, 14, 14, 14, 14, 14, 14, 14, 14
ch106, 27, 27, 27, 27, 27, 27, 27, 27, 27, 27
ch114, x, x, x, x, x, x, x, x, x, x
ch122, 28, 28, 28, 28, 28, 28, 28, 28, 28, 28
ch138, 28, 28, 28, 28, 28, 28, 28, 28, 28, 28
ch155, x, x, x, x, x, x, x, x, x, x
</vht80>

<ru26, m0, m1, m2, m3, m4, m5, m6, m7, m8, m9, m10, m11>
ch001, 4, 4, 4, 4, 4, 4, 4, 4, 4, 4, 4, 4
ch002, 4, 4, 4, 4, 4, 4, 4, 4, 4, 4, 4, 4
ch003, 6, 6, 6, 6, 6, 6, 6, 6, 6, 6, 6, 6
ch004, 6, 6, 6, 6, 6, 6, 6, 6, 6, 6, 6, 6
ch005, 6, 6, 6, 6, 6, 6, 6, 6, 6, 6, 6, 6
ch006, 6, 6, 6, 6, 6, 6, 6, 6, 6, 6, 6, 6
ch007, 6, 6, 6, 6, 6, 6, 6, 6, 6, 6, 6, 6
ch008, 6, 6, 6, 6, 6, 6, 6, 6, 6, 6, 6, 6
ch009, 6, 6, 6, 6, 6, 6, 6, 6, 6, 6, 6, 6
ch010, 3, 3, 3, 3, 3, 3, 3, 3, 3, 3, 3, 3
ch011, 3, 3, 3, 3, 3, 3, 3, 3, 3, 3, 3, 3
ch012, 3, 3, 3, 3, 3, 3, 3, 3, 3, 3, 3, 3
ch013, 3, 3, 3, 3, 3, 3, 3, 3, 3, 3, 3, 3
ch014, x, x, x, x, x, x, x, x, x, x, x, x
ch036, 7, 7, 7, 7, 7, 7, 7, 7, 7, 7, 7, 7
ch038, 7, 7, 7, 7, 7, 7, 7, 7, 7, 7, 7, 7
ch040, 8, 8, 8, 8, 8, 8, 8, 8, 8, 8, 8, 8
ch042, 8, 8, 8, 8, 8, 8, 8, 8, 8, 8, 8, 8
ch044, 8, 8, 8, 8, 8, 8, 8, 8, 8, 8, 8, 8
ch046, 8, 8, 8, 8, 8, 8, 8, 8, 8, 8, 8, 8
ch048, 6, 6, 6, 6, 6, 6, 6, 6, 6, 6, 6, 6
ch050, x, x, x, x, x, x, x, x, x, x, x, x
ch052, -1, -1, -1, -1, -1, -1, -1, -1, -1, -1, -1, -1
ch054, -1, -1, -1, -1, -1, -1, -1, -1, -1, -1, -1, -1
ch056, 1, 1, 1, 1, 1, 1, 1, 1, 1, 1, 1, 1
ch058, 1, 1, 1, 1, 1, 1, 1, 1, 1, 1, 1, 1
ch060, 1, 1, 1, 1, 1, 1, 1, 1, 1, 1, 1, 1
ch062, 1, 1, 1, 1, 1, 1, 1, 1, 1, 1, 1, 1
ch064, -1, -1, -1, -1, -1, -1, -1, -1, -1, -1, -1, -1
ch100, 13, 13, 13, 13, 13, 13, 13, 13, 13, 13, 13, 13
ch102, 13, 13, 13, 13, 13, 13, 13, 13, 13, 13, 13, 13
ch104, 13, 13, 13, 13, 13, 13, 13, 13, 13, 13, 13, 13
ch106, 13, 13, 13, 13, 13, 13, 13, 13, 13, 13, 13, 13
ch108, 13, 13, 13, 13, 13, 13, 13, 13, 13, 13, 13, 13
ch110, 13, 13, 13, 13, 13, 13, 13, 13, 13, 13, 13, 13
ch112, 13, 13, 13, 13, 13, 13, 13, 13, 13, 13, 13, 13
ch114, x, x, x, x, x, x, x, x, x, x, x, x
ch116, 14, 14, 14, 14, 14, 14, 14, 14, 14, 14, 14, 14
ch118, 14, 14, 14, 14, 14, 14, 14, 14, 14, 14, 14, 14
ch120, 14, 14, 14, 14, 14, 14, 14, 14, 14, 14, 14, 14
ch122, 14, 14, 14, 14, 14, 14, 14, 14, 14, 14, 14, 14
ch124, 14, 14, 14, 14, 14, 14, 14, 14, 14, 14, 14, 14
ch126, 14, 14, 14, 14, 14, 14, 14, 14, 14, 14, 14, 14
ch128, 14, 14, 14, 14, 14, 14, 14, 14, 14, 14, 14, 14
ch132, 13, 13, 13, 13, 13, 13, 13, 13, 13, 13, 13, 13
ch134, 13, 13, 13, 13, 13, 13, 13, 13, 13, 13, 13, 13
ch136, 13, 13, 13, 13, 13, 13, 13, 13, 13, 13, 13, 13
ch138, 13, 13, 13, 13, 13, 13, 13, 13, 13, 13, 13, 13
ch140, 13, 13, 13, 13, 13, 13, 13, 13, 13, 13, 13, 13
ch142, 13, 13, 13, 13, 13, 13, 13, 13, 13, 13, 13, 13
ch144, 13, 13, 13, 13, 13, 13, 13, 13, 13, 13, 13, 13
ch149, x, x, x, x, x, x, x, x, x, x, x, x
ch151, x, x, x, x, x, x, x, x, x, x, x, x
ch153, x, x, x, x, x, x, x, x, x, x, x, x
ch155, x, x, x, x, x, x, x, x, x, x, x, x
ch157, x, x, x, x, x, x, x, x, x, x, x, x
ch159, x, x, x, x, x, x, x, x, x, x, x, x
ch161, x, x, x, x, x, x, x, x, x, x, x, x
ch165, x, x, x, x, x, x, x, x, x, x, x, x
</ru26>

<ru52, m0, m1, m2, m3, m4, m5, m6, m7, m8, m9, m10, m11>
ch001, 10, 10, 10, 10, 10, 10, 10, 10, 10, 10, 10, 10
ch002, 10, 10, 10, 10, 10, 10, 10, 10, 10, 10, 10, 10
ch003, 10, 10, 10, 10, 10, 10, 10, 10, 10, 10, 10, 10
ch004, 10, 10, 10, 10, 10, 10, 10, 10, 10, 10, 10, 10
ch005, 10, 10, 10, 10, 10, 10, 10, 10, 10, 10, 10, 10
ch006, 10, 10, 10, 10, 10, 10, 10, 10, 10, 10, 10, 10
ch007, 10, 10, 10, 10, 10, 10, 10, 10, 10, 10, 10, 10
ch008, 10, 10, 10, 10, 10, 10, 10, 10, 10, 10, 10, 10
ch009, 10, 10, 10, 10, 10, 10, 10, 10, 10, 10, 10, 10
ch010, 8, 8, 8, 8, 8, 8, 8, 8, 8, 8, 8, 8
ch011, 8, 8, 8, 8, 8, 8, 8, 8, 8, 8, 8, 8
ch012, 8, 8, 8, 8, 8, 8, 8, 8, 8, 8, 8, 8
ch013, 8, 8, 8, 8, 8, 8, 8, 8, 8, 8, 8, 8
ch014, x, x, x, x, x, x, x, x, x, x, x, x
ch036, 13, 13, 13, 13, 13, 13, 13, 13, 13, 13, 13, 13
ch038, 13, 13, 13, 13, 13, 13, 13, 13, 13, 13, 13, 13
ch040, 12, 12, 12, 12, 12, 12, 12, 12, 12, 12, 12, 12
ch042, 12, 12, 12, 12, 12, 12, 12, 12, 12, 12, 12, 12
ch044, 12, 12, 12, 12, 12, 12, 12, 12, 12, 12, 12, 12
ch046, 12, 12, 12, 12, 12, 12, 12, 12, 12, 12, 12, 12
ch048, 12, 12, 12, 12, 12, 12, 12, 12, 12, 12, 12, 12
ch050, x, x, x, x, x, x, x, x, x, x, x, x
ch052, 5, 5, 5, 5, 5, 5, 5, 5, 5, 5, 5, 5
ch054, 5, 5, 5, 5, 5, 5, 5, 5, 5, 5, 5, 5
ch056, 4, 4, 4, 4, 4, 4, 4, 4, 4, 4, 4, 4
ch058, 4, 4, 4, 4, 4, 4, 4, 4, 4, 4, 4, 4
ch060, 4, 4, 4, 4, 4, 4, 4, 4, 4, 4, 4, 4
ch062, 4, 4, 4, 4, 4, 4, 4, 4, 4, 4, 4, 4
ch064, 5, 5, 5, 5, 5, 5, 5, 5, 5, 5, 5, 5
ch100, 18, 18, 18, 18, 18, 18, 18, 18, 18, 18, 18, 18
ch102, 18, 18, 18, 18, 18, 18, 18, 18, 18, 18, 18, 18
ch104, 18, 18, 18, 18, 18, 18, 18, 18, 18, 18, 18, 18
ch106, 18, 18, 18, 18, 18, 18, 18, 18, 18, 18, 18, 18
ch108, 18, 18, 18, 18, 18, 18, 18, 18, 18, 18, 18, 18
ch110, 18, 18, 18, 18, 18, 18, 18, 18, 18, 18, 18, 18
ch112, 18, 18, 18, 18, 18, 18, 18, 18, 18, 18, 18, 18
ch114, x, x, x, x, x, x, x, x, x, x, x, x
ch116, 18, 18, 18, 18, 18, 18, 18, 18, 18, 18, 18, 18
ch118, 18, 18, 18, 18, 18, 18, 18, 18, 18, 18, 18, 18
ch120, 18, 18, 18, 18, 18, 18, 18, 18, 18, 18, 18, 18
ch122, 18, 18, 18, 18, 18, 18, 18, 18, 18, 18, 18, 18
ch124, 18, 18, 18, 18, 18, 18, 18, 18, 18, 18, 18, 18
ch126, 18, 18, 18, 18, 18, 18, 18, 18, 18, 18, 18, 18
ch128, 18, 18, 18, 18, 18, 18, 18, 18, 18, 18, 18, 18
ch132, 19, 19, 19, 19, 19, 19, 19, 19, 19, 19, 19, 19
ch134, 19, 19, 19, 19, 19, 19, 19, 19, 19, 19, 19, 19
ch136, 19, 19, 19, 19, 19, 19, 19, 19, 19, 19, 19, 19
ch138, 19, 19, 19, 19, 19, 19, 19, 19, 19, 19, 19, 19
ch140, 19, 19, 19, 19, 19, 19, 19, 19, 19, 19, 19, 19
ch142, 19, 19, 19, 19, 19, 19, 19, 19, 19, 19, 19, 19
ch144, 19, 19, 19, 19, 19, 19, 19, 19, 19, 19, 19, 19
ch149, x, x, x, x, x, x, x, x, x, x, x, x
ch151, x, x, x, x, x, x, x, x, x, x, x, x
ch153, x, x, x, x, x, x, x, x, x, x, x, x
ch155, x, x, x, x, x, x, x, x, x, x, x, x
ch157, x, x, x, x, x, x, x, x, x, x, x, x
ch159, x, x, x, x, x, x, x, x, x, x, x, x
ch161, x, x, x, x, x, x, x, x, x, x, x, x
ch165, x, x, x, x, x, x, x, x, x, x, x, x
</ru52>

<ru106, m0, m1, m2, m3, m4, m5, m6, m7, m8, m9, m10, m11>
ch001, 16, 16, 16, 16, 16, 16, 16, 16, 16, 16, 16, 16
ch002, 16, 16, 16, 16, 16, 16, 16, 16, 16, 16, 16, 16
ch003, 16, 16, 16, 16, 16, 16, 16, 16, 16, 16, 16, 16
ch004, 16, 16, 16, 16, 16, 16, 16, 16, 16, 16, 16, 16
ch005, 16, 16, 16, 16, 16, 16, 16, 16, 16, 16, 16, 16
ch006, 16, 16, 16, 16, 16, 16, 16, 16, 16, 16, 16, 16
ch007, 16, 16, 16, 16, 16, 16, 16, 16, 16, 16, 16, 16
ch008, 16, 16, 16, 16, 16, 16, 16, 16, 16, 16, 16, 16
ch009, 16, 16, 16, 16, 16, 16, 16, 16, 16, 16, 16, 16
ch010, 14, 14, 14, 14, 14, 14, 14, 14, 14, 14, 14, 14
ch011, 14, 14, 14, 14, 14, 14, 14, 14, 14, 14, 14, 14
ch012, 14, 14, 14, 14, 14, 14, 14, 14, 14, 14, 14, 14
ch013, 14, 14, 14, 14, 14, 14, 14, 14, 14, 14, 14, 14
ch014, x, x, x, x, x, x, x, x, x, x, x, x
ch036, 18, 18, 18, 18, 18, 18, 18, 18, 18, 18, 18, 18
ch038, 18, 18, 18, 18, 18, 18, 18, 18, 18, 18, 18, 18
ch040, 18, 18, 18, 18, 18, 18, 18, 18, 18, 18, 18, 18
ch042, 18, 18, 18, 18, 18, 18, 18, 18, 18, 18, 18, 18
ch044, 18, 18, 18, 18, 18, 18, 18, 18, 18, 18, 18, 18
ch046, 18, 18, 18, 18, 18, 18, 18, 18, 18, 18, 18, 18
ch048, 17, 17, 17, 17, 17, 17, 17, 17, 17, 17, 17, 17
ch050, x, x, x, x, x, x, x, x, x, x, x, x
ch052, 10, 10, 10, 10, 10, 10, 10, 10, 10, 10, 10, 10
ch054, 10, 10, 10, 10, 10, 10, 10, 10, 10, 10, 10, 10
ch056, 9, 9, 9, 9, 9, 9, 9, 9, 9, 9, 9, 9
ch058, 9, 9, 9, 9, 9, 9, 9, 9, 9, 9, 9, 9
ch060, 9, 9, 9, 9, 9, 9, 9, 9, 9, 9, 9, 9
ch062, 9, 9, 9, 9, 9, 9, 9, 9, 9, 9, 9, 9
ch064, 10, 10, 10, 10, 10, 10, 10, 10, 10, 10, 10, 10
ch100, 24, 24, 24, 24, 24, 24, 24, 24, 24, 24, 24, 24
ch102, 24, 24, 24, 24, 24, 24, 24, 24, 24, 24, 24, 24
ch104, 24, 24, 24, 24, 24, 24, 24, 24, 24, 24, 24, 24
ch106, 24, 24, 24, 24, 24, 24, 24, 24, 24, 24, 24, 24
ch108, 24, 24, 24, 24, 24, 24, 24, 24, 24, 24, 24, 24
ch110, 24, 24, 24, 24, 24, 24, 24, 24, 24, 24, 24, 24
ch112, 24, 24, 24, 24, 24, 24, 24, 24, 24, 24, 24, 24
ch114, x, x, x, x, x, x, x, x, x, x, x, x
ch116, 23, 23, 23, 23, 23, 23, 23, 23, 23, 23, 23, 23
ch118, 23, 23, 23, 23, 23, 23, 23, 23, 23, 23, 23, 23
ch120, 23, 23, 23, 23, 23, 23, 23, 23, 23, 23, 23, 23
ch122, 23, 23, 23, 23, 23, 23, 23, 23, 23, 23, 23, 23
ch124, 23, 23, 23, 23, 23, 23, 23, 23, 23, 23, 23, 23
ch126, 23, 23, 23, 23, 23, 23, 23, 23, 23, 23, 23, 23
ch128, 23, 23, 23, 23, 23, 23, 23, 23, 23, 23, 23, 23
ch132, 24, 24, 24, 24, 24, 24, 24, 24, 24, 24, 24, 24
ch134, 24, 24, 24, 24, 24, 24, 24, 24, 24, 24, 24, 24
ch136, 24, 24, 24, 24, 24, 24, 24, 24, 24, 24, 24, 24
ch138, 24, 24, 24, 24, 24, 24, 24, 24, 24, 24, 24, 24
ch140, 24, 24, 24, 24, 24, 24, 24, 24, 24, 24, 24, 24
ch142, 24, 24, 24, 24, 24, 24, 24, 24, 24, 24, 24, 24
ch144, 24, 24, 24, 24, 24, 24, 24, 24, 24, 24, 24, 24
ch149, x, x, x, x, x, x, x, x, x, x, x, x
ch151, x, x, x, x, x, x, x, x, x, x, x, x
ch153, x, x, x, x, x, x, x, x, x, x, x, x
ch155, x, x, x, x, x, x, x, x, x, x, x, x
ch157, x, x, x, x, x, x, x, x, x, x, x, x
ch159, x, x, x, x, x, x, x, x, x, x, x, x
ch161, x, x, x, x, x, x, x, x, x, x, x, x
ch165, x, x, x, x, x, x, x, x, x, x, x, x
</ru106>

<ru242, m0, m1, m2, m3, m4, m5, m6, m7, m8, m9, m10, m11>
ch001, 20, 20, 20, 20, 20, 20, 20, 20, 20, 20, 20, 20
ch002, 20, 20, 20, 20, 20, 20, 20, 20, 20, 20, 20, 20
ch003, 20, 20, 20, 20, 20, 20, 20, 20, 20, 20, 20, 20
ch004, 20, 20, 20, 20, 20, 20, 20, 20, 20, 20, 20, 20
ch005, 20, 20, 20, 20, 20, 20, 20, 20, 20, 20, 20, 20
ch006, 20, 20, 20, 20, 20, 20, 20, 20, 20, 20, 20, 20
ch007, 20, 20, 20, 20, 20, 20, 20, 20, 20, 20, 20, 20
ch008, 20, 20, 20, 20, 20, 20, 20, 20, 20, 20, 20, 20
ch009, 20, 20, 20, 20, 20, 20, 20, 20, 20, 20, 20, 20
ch010, 20, 20, 20, 20, 20, 20, 20, 20, 20, 20, 20, 20
ch011, 20, 20, 20, 20, 20, 20, 20, 20, 20, 20, 20, 20
ch012, 20, 20, 20, 20, 20, 20, 20, 20, 20, 20, 20, 20
ch013, 20, 20, 20, 20, 20, 20, 20, 20, 20, 20, 20, 20
ch014, x, x, x, x, x, x, x, x, x, x, x, x
ch036, 24, 24, 24, 24, 24, 24, 24, 24, 24, 24, 24, 24
ch038, 16, 16, 16, 16, 16, 16, 16, 16, 16, 16, 16, 16
ch040, 24, 24, 24, 24, 24, 24, 24, 24, 24, 24, 24, 24
ch042, 16, 16, 16, 16, 16, 16, 16, 16, 16, 16, 16, 16
ch044, 24, 24, 24, 24, 24, 24, 24, 24, 24, 24, 24, 24
ch046, 16, 16, 16, 16, 16, 16, 16, 16, 16, 16, 16, 16
ch048, 24, 24, 24, 24, 24, 24, 24, 24, 24, 24, 24, 24
ch050, x, x, x, x, x, x, x, x, x, x, x, x
ch052, 14, 14, 14, 14, 14, 14, 14, 14, 14, 14, 14, 14
ch054, 8, 8, 8, 8, 8, 8, 8, 8, 8, 8, 8, 8
ch056, 14, 14, 14, 14, 14, 14, 14, 14, 14, 14, 14, 14
ch058, 8, 8, 8, 8, 8, 8, 8, 8, 8, 8, 8, 8
ch060, 14, 14, 14, 14, 14, 14, 14, 14, 14, 14, 14, 14
ch062, 8, 8, 8, 8, 8, 8, 8, 8, 8, 8, 8, 8
ch064, 14, 14, 14, 14, 14, 14, 14, 14, 14, 14, 14, 14
ch100, 28, 28, 28, 28, 28, 28, 28, 28, 28, 28, 28, 28
ch102, 22, 22, 22, 22, 22, 22, 22, 22, 22, 22, 22, 22
ch104, 28, 28, 28, 28, 28, 28, 28, 28, 28, 28, 28, 28
ch106, 22, 22, 22, 22, 22, 22, 22, 22, 22, 22, 22, 22
ch108, 28, 28, 28, 28, 28, 28, 28, 28, 28, 28, 28, 28
ch110, 22, 22, 22, 22, 22, 22, 22, 22, 22, 22, 22, 22
ch112, 28, 28, 28, 28, 28, 28, 28, 28, 28, 28, 28, 28
ch114, x, x, x, x, x, x, x, x, x, x, x, x
ch116, 28, 28, 28, 28, 28, 28, 28, 28, 28, 28, 28, 28
ch118, 22, 22, 22, 22, 22, 22, 22, 22, 22, 22, 22, 22
ch120, 28, 28, 28, 28, 28, 28, 28, 28, 28, 28, 28, 28
ch122, 22, 22, 22, 22, 22, 22, 22, 22, 22, 22, 22, 22
ch124, 28, 28, 28, 28, 28, 28, 28, 28, 28, 28, 28, 28
ch126, 22, 22, 22, 22, 22, 22, 22, 22, 22, 22, 22, 22
ch128, 28, 28, 28, 28, 28, 28, 28, 28, 28, 28, 28, 28
ch132, 28, 28, 28, 28, 28, 28, 28, 28, 28, 28, 28, 28
ch134, 23, 23, 23, 23, 23, 23, 23, 23, 23, 23, 23, 23
ch136, 28, 28, 28, 28, 28, 28, 28, 28, 28, 28, 28, 28
ch138, 23, 23, 23, 23, 23, 23, 23, 23, 23, 23, 23, 23
ch140, 28, 28, 28, 28, 28, 28, 28, 28, 28, 28, 28, 28
ch142, 23, 23, 23, 23, 23, 23, 23, 23, 23, 23, 23, 23
ch144, 28, 28, 28, 28, 28, 28, 28, 28, 28, 28, 28, 28
ch149, x, x, x, x, x, x, x, x, x, x, x, x
ch151, x, x, x, x, x, x, x, x, x, x, x, x
ch153, x, x, x, x, x, x, x, x, x, x, x, x
ch155, x, x, x, x, x, x, x, x, x, x, x, x
ch157, x, x, x, x, x, x, x, x, x, x, x, x
ch159, x, x, x, x, x, x, x, x, x, x, x, x
ch161, x, x, x, x, x, x, x, x, x, x, x, x
ch165, x, x, x, x, x, x, x, x, x, x, x, x
</ru242>

<ru484, m0, m1, m2, m3, m4, m5, m6, m7, m8, m9, m10, m11>
ch038, 21, 21, 21, 21, 21, 21, 21, 21, 21, 21, 21, 21
ch042, 19, 19, 19, 19, 19, 19, 19, 19, 19, 19, 19, 19
ch046, 21, 21, 21, 21, 21, 21, 21, 21, 21, 21, 21, 21
ch050, x, x, x, x, x, x, x, x, x, x, x, x
ch054, 12, 12, 12, 12, 12, 12, 12, 12, 12, 12, 12, 12
ch058, 9, 9, 9, 9, 9, 9, 9, 9, 9, 9, 9, 9
ch062, 12, 12, 12, 12, 12, 12, 12, 12, 12, 12, 12, 12
ch102, 26, 26, 26, 26, 26, 26, 26, 26, 26, 26, 26, 26
ch106, 23, 23, 23, 23, 23, 23, 23, 23, 23, 23, 23, 23
ch110, 26, 26, 26, 26, 26, 26, 26, 26, 26, 26, 26, 26
ch114, x, x, x, x, x, x, x, x, x, x, x, x
ch118, 26, 26, 26, 26, 26, 26, 26, 26, 26, 26, 26, 26
ch122, 23, 23, 23, 23, 23, 23, 23, 23, 23, 23, 23, 23
ch126, 26, 26, 26, 26, 26, 26, 26, 26, 26, 26, 26, 26
ch134, 27, 27, 27, 27, 27, 27, 27, 27, 27, 27, 27, 27
ch138, 25, 25, 25, 25, 25, 25, 25, 25, 25, 25, 25, 25
ch142, 27, 27, 27, 27, 27, 27, 27, 27, 27, 27, 27, 27
ch151, x, x, x, x, x, x, x, x, x, x, x, x
ch155, x, x, x, x, x, x, x, x, x, x, x, x
ch159, x, x, x, x, x, x, x, x, x, x, x, x
</ru484>

<ru996, m0, m1, m2, m3, m4, m5, m6, m7, m8, m9, m10, m11> 
ch042, 23, 23, 23, 23, 23, 23, 23, 23, 23, 23, 23, 23
ch050, x, x, x, x, x, x, x, x, x, x, x, x
ch058, 13, 13, 13, 13, 13, 13, 13, 13, 13, 13, 13, 13
ch106, 26, 26, 26, 26, 26, 26, 26, 26, 26, 26, 26, 26
ch114, x, x, x, x, x, x, x, x, x, x, x, x
ch122, 26, 26, 26, 26, 26, 26, 26, 26, 26, 26, 26, 26
ch138, 28, 28, 28, 28, 28, 28, 28, 28, 28, 28, 28, 28
ch155, x, x, x, x, x, x, x, x, x, x, x, x
</ru996>

[BR]
<cck,  c1, c2, c5, c11>
ch001, 29, 29, 29, 29
ch002, 29, 29, 29, 29
ch003, 33, 33, 33, 33
ch004, 33, 33, 33, 33
ch005, 33, 33, 33, 33
ch006, 33, 33, 33, 33
ch007, 33, 33, 33, 33
ch008, 33, 33, 33, 33
ch009, 33, 33, 33, 33
ch010, 32, 32, 32, 32
ch011, 32, 32, 32, 32
ch012, 22, 22, 22, 22
ch013, 11, 11, 11, 11
ch014, x, x, x, x
</cck>

<ofdm, o6, o9, o12, o18, o24, o36, o48, o54>
ch001, 27, 27, 27, 27, 27, 27, 27, 27
ch002, 27, 27, 27, 27, 27, 27, 27, 27
ch003, 30, 30, 30, 30, 30, 30, 30, 30
ch004, 30, 30, 30, 30, 30, 30, 30, 30
ch005, 30, 30, 30, 30, 30, 30, 30, 30
ch006, 30, 30, 30, 30, 30, 30, 30, 30
ch007, 30, 30, 30, 30, 30, 30, 30, 30
ch008, 30, 30, 30, 30, 30, 30, 30, 30
ch009, 30, 30, 30, 30, 30, 30, 30, 30
ch010, 24, 24, 24, 24, 24, 24, 24, 24
ch011, 24, 24, 24, 24, 24, 24, 24, 24
ch012, 19, 19, 19, 19, 19, 19, 19, 19
ch013, 7, 7, 7, 7, 7, 7, 7, 7
ch014, x, x, x, x, x, x, x, x
ch036, 29, 29, 29, 29, 29, 29, 29, 29
ch038, 29, 29, 29, 29, 29, 29, 29, 29
ch040, 29, 29, 29, 29, 29, 29, 29, 29
ch042, 29, 29, 29, 29, 29, 29, 29, 29
ch044, 29, 29, 29, 29, 29, 29, 29, 29
ch046, 29, 29, 29, 29, 29, 29, 29, 29
ch048, 29, 29, 29, 29, 29, 29, 29, 29
ch050, x, x, x, x, x, x, x, x
ch052, 28, 28, 28, 28, 28, 28, 28, 28
ch054, 28, 28, 28, 28, 28, 28, 28, 28
ch056, 28, 28, 28, 28, 28, 28, 28, 28
ch058, 28, 28, 28, 28, 28, 28, 28, 28
ch060, 29, 29, 29, 29, 29, 29, 29, 29
ch062, 29, 29, 29, 29, 29, 29, 29, 29
ch064, 29, 29, 29, 29, 29, 29, 29, 29
ch100, 28, 28, 28, 28, 28, 28, 28, 28
ch102, 28, 28, 28, 28, 28, 28, 28, 28
ch104, 28, 28, 28, 28, 28, 28, 28, 28
ch106, 28, 28, 28, 28, 28, 28, 28, 28
ch108, 28, 28, 28, 28, 28, 28, 28, 28
ch110, 28, 28, 28, 28, 28, 28, 28, 28
ch112, 28, 28, 28, 28, 28, 28, 28, 28
ch114, x, x, x, x, x, x, x, x
ch116, 28, 28, 28, 28, 28, 28, 28, 28
ch118, 28, 28, 28, 28, 28, 28, 28, 28
ch120, 28, 28, 28, 28, 28, 28, 28, 28
ch122, 28, 28, 28, 28, 28, 28, 28, 28
ch124, 28, 28, 28, 28, 28, 28, 28, 28
ch126, 28, 28, 28, 28, 28, 28, 28, 28
ch128, 28, 28, 28, 28, 28, 28, 28, 28
ch132, 28, 28, 28, 28, 28, 28, 28, 28
ch134, 28, 28, 28, 28, 28, 28, 28, 28
ch136, 28, 28, 28, 28, 28, 28, 28, 28
ch138, x, x, x, x, x, x, x, x
ch140, 28, 28, 28, 28, 28, 28, 28, 28
ch142, x, x, x, x, x, x, x, x
ch144, x, x, x, x, x, x, x, x
ch149, 32, 32, 32, 32, 32, 32, 32, 32
ch151, 32, 32, 32, 32, 32, 32, 32, 32
ch153, 32, 32, 32, 32, 32, 32, 32, 32
ch155, 32, 32, 32, 32, 32, 32, 32, 32
ch157, 32, 32, 32, 32, 32, 32, 32, 32
ch159, 32, 32, 32, 32, 32, 32, 32, 32
ch161, 32, 32, 32, 32, 32, 32, 32, 32
ch165, 32, 32, 32, 32, 32, 32, 32, 32
</ofdm>

<ht20, m0, m1, m2, m3, m4, m5, m6, m7>
ch001, 28, 28, 28, 28, 28, 28, 28, 28
ch002, 28, 28, 28, 28, 28, 28, 28, 28
ch003, 28, 28, 28, 28, 28, 28, 28, 28
ch004, 28, 28, 28, 28, 28, 28, 28, 28
ch005, 28, 28, 28, 28, 28, 28, 28, 28
ch006, 28, 28, 28, 28, 28, 28, 28, 28
ch007, 28, 28, 28, 28, 28, 28, 28, 28
ch008, 28, 28, 28, 28, 28, 28, 28, 28
ch009, 28, 28, 28, 28, 28, 28, 28, 28
ch010, 23, 23, 23, 23, 23, 23, 23, 23
ch011, 23, 23, 23, 23, 23, 23, 23, 23
ch012, 16, 16, 16, 16, 16, 16, 16, 16
ch013, 2, 2, 2, 2, 2, 2, 2, 2
ch014, x, x, x, x, x, x, x, x
ch036, 28, 28, 28, 28, 28, 28, 28, 28
ch038, 28, 28, 28, 28, 28, 28, 28, 28
ch040, 28, 28, 28, 28, 28, 28, 28, 28
ch042, 28, 28, 28, 28, 28, 28, 28, 28
ch044, 28, 28, 28, 28, 28, 28, 28, 28
ch046, 28, 28, 28, 28, 28, 28, 28, 28
ch048, 28, 28, 28, 28, 28, 28, 28, 28
ch050, x, x, x, x, x, x, x, x
ch052, 28, 28, 28, 28, 28, 28, 28, 28
ch054, 28, 28, 28, 28, 28, 28, 28, 28
ch056, 28, 28, 28, 28, 28, 28, 28, 28
ch058, 28, 28, 28, 28, 28, 28, 28, 28
ch060, 28, 28, 28, 28, 28, 28, 28, 28
ch062, 28, 28, 28, 28, 28, 28, 28, 28
ch064, 28, 28, 28, 28, 28, 28, 28, 28
ch100, 28, 28, 28, 28, 28, 28, 28, 28
ch102, 28, 28, 28, 28, 28, 28, 28, 28
ch104, 28, 28, 28, 28, 28, 28, 28, 28
ch106, 28, 28, 28, 28, 28, 28, 28, 28
ch108, 28, 28, 28, 28, 28, 28, 28, 28
ch110, 28, 28, 28, 28, 28, 28, 28, 28
ch112, 28, 28, 28, 28, 28, 28, 28, 28
ch114, x, x, x, x, x, x, x, x
ch116, 28, 28, 28, 28, 28, 28, 28, 28
ch118, 28, 28, 28, 28, 28, 28, 28, 28
ch120, 28, 28, 28, 28, 28, 28, 28, 28
ch122, 28, 28, 28, 28, 28, 28, 28, 28
ch124, 28, 28, 28, 28, 28, 28, 28, 28
ch126, 28, 28, 28, 28, 28, 28, 28, 28
ch128, 28, 28, 28, 28, 28, 28, 28, 28
ch132, 28, 28, 28, 28, 28, 28, 28, 28
ch134, 28, 28, 28, 28, 28, 28, 28, 28
ch136, 28, 28, 28, 28, 28, 28, 28, 28
ch138, x, x, x, x, x, x, x, x
ch140, 28, 28, 28, 28, 28, 28, 28, 28
ch142, x, x, x, x, x, x, x, x
ch144, x, x, x, x, x, x, x, x
ch149, 28, 28, 28, 28, 28, 28, 28, 28
ch151, 28, 28, 28, 28, 28, 28, 28, 28
ch153, 28, 28, 28, 28, 28, 28, 28, 28
ch155, 28, 28, 28, 28, 28, 28, 28, 28
ch157, 28, 28, 28, 28, 28, 28, 28, 28
ch159, 28, 28, 28, 28, 28, 28, 28, 28
ch161, 28, 28, 28, 28, 28, 28, 28, 28
ch165, 28, 28, 28, 28, 28, 28, 28, 28
</ht20>

<ht40, m0, m1, m2, m3, m4, m5, m6, m7> 
ch038, 27, 27, 27, 27, 27, 27, 27, 27
ch042, 27, 27, 27, 27, 27, 27, 27, 27
ch046, 28, 28, 28, 28, 28, 28, 28, 28
ch050, x, x, x, x, x, x, x, x
ch054, 28, 28, 28, 28, 28, 28, 28, 28
ch058, 26, 26, 26, 26, 26, 26, 26, 26
ch062, 26, 26, 26, 26, 26, 26, 26, 26
ch102, 28, 28, 28, 28, 28, 28, 28, 28
ch106, 28, 28, 28, 28, 28, 28, 28, 28
ch110, 28, 28, 28, 28, 28, 28, 28, 28
ch114, x, x, x, x, x, x, x, x
ch118, 28, 28, 28, 28, 28, 28, 28, 28
ch122, 28, 28, 28, 28, 28, 28, 28, 28
ch126, 28, 28, 28, 28, 28, 28, 28, 28
ch134, 28, 28, 28, 28, 28, 28, 28, 28
ch138, x, x, x, x, x, x, x, x
ch142, x, x, x, x, x, x, x, x
ch151, 28, 28, 28, 28, 28, 28, 28, 28
ch155, 28, 28, 28, 28, 28, 28, 28, 28
ch159, 28, 28, 28, 28, 28, 28, 28, 28
</ht40>

<vht20, m0, m1, m2, m3, m4, m5, m6, m7, m8, m9>
ch001, 28, 28, 28, 28, 28, 28, 28, 28, 28, 28
ch002, 28, 28, 28, 28, 28, 28, 28, 28, 28, 28
ch003, 28, 28, 28, 28, 28, 28, 28, 28, 28, 28
ch004, 28, 28, 28, 28, 28, 28, 28, 28, 28, 28
ch005, 28, 28, 28, 28, 28, 28, 28, 28, 28, 28
ch006, 28, 28, 28, 28, 28, 28, 28, 28, 28, 28
ch007, 28, 28, 28, 28, 28, 28, 28, 28, 28, 28
ch008, 28, 28, 28, 28, 28, 28, 28, 28, 28, 28
ch009, 28, 28, 28, 28, 28, 28, 28, 28, 28, 28
ch010, 23, 23, 23, 23, 23, 23, 23, 23, 23, 23
ch011, 23, 23, 23, 23, 23, 23, 23, 23, 23, 23
ch012, 16, 16, 16, 16, 16, 16, 16, 16, 16, 16
ch013, 2, 2, 2, 2, 2, 2, 2, 2, 2, 2
ch014, x, x, x, x, x, x, x, x, x, x
ch036, 28, 28, 28, 28, 28, 28, 28, 28, 28, 28
ch038, 28, 28, 28, 28, 28, 28, 28, 28, 28, 28
ch040, 28, 28, 28, 28, 28, 28, 28, 28, 28, 28
ch042, 28, 28, 28, 28, 28, 28, 28, 28, 28, 28
ch044, 28, 28, 28, 28, 28, 28, 28, 28, 28, 28
ch046, 28, 28, 28, 28, 28, 28, 28, 28, 28, 28
ch048, 28, 28, 28, 28, 28, 28, 28, 28, 28, 28
ch050, x, x, x, x, x, x, x, x, x, x
ch052, 28, 28, 28, 28, 28, 28, 28, 28, 28, 28
ch054, 28, 28, 28, 28, 28, 28, 28, 28, 28, 28
ch056, 28, 28, 28, 28, 28, 28, 28, 28, 28, 28
ch058, 28, 28, 28, 28, 28, 28, 28, 28, 28, 28
ch060, 28, 28, 28, 28, 28, 28, 28, 28, 28, 28
ch062, 28, 28, 28, 28, 28, 28, 28, 28, 28, 28
ch064, 28, 28, 28, 28, 28, 28, 28, 28, 28, 28
ch100, 28, 28, 28, 28, 28, 28, 28, 28, 28, 28
ch102, 28, 28, 28, 28, 28, 28, 28, 28, 28, 28
ch104, 28, 28, 28, 28, 28, 28, 28, 28, 28, 28
ch106, 28, 28, 28, 28, 28, 28, 28, 28, 28, 28
ch108, 28, 28, 28, 28, 28, 28, 28, 28, 28, 28
ch110, 28, 28, 28, 28, 28, 28, 28, 28, 28, 28
ch112, 28, 28, 28, 28, 28, 28, 28, 28, 28, 28
ch114, x, x, x, x, x, x, x, x, x, x
ch116, 28, 28, 28, 28, 28, 28, 28, 28, 28, 28
ch118, 28, 28, 28, 28, 28, 28, 28, 28, 28, 28
ch120, 28, 28, 28, 28, 28, 28, 28, 28, 28, 28
ch122, 28, 28, 28, 28, 28, 28, 28, 28, 28, 28
ch124, 28, 28, 28, 28, 28, 28, 28, 28, 28, 28
ch126, 28, 28, 28, 28, 28, 28, 28, 28, 28, 28
ch128, 28, 28, 28, 28, 28, 28, 28, 28, 28, 28
ch132, 28, 28, 28, 28, 28, 28, 28, 28, 28, 28
ch134, 28, 28, 28, 28, 28, 28, 28, 28, 28, 28
ch136, 28, 28, 28, 28, 28, 28, 28, 28, 28, 28
ch138, x, x, x, x, x, x, x, x, x, x
ch140, 28, 28, 28, 28, 28, 28, 28, 28, 28, 28
ch142, x, x, x, x, x, x, x, x, x, x
ch144, x, x, x, x, x, x, x, x, x, x
ch149, 28, 28, 28, 28, 28, 28, 28, 28, 28, 28
ch151, 28, 28, 28, 28, 28, 28, 28, 28, 28, 28
ch153, 28, 28, 28, 28, 28, 28, 28, 28, 28, 28
ch155, 28, 28, 28, 28, 28, 28, 28, 28, 28, 28
ch157, 28, 28, 28, 28, 28, 28, 28, 28, 28, 28
ch159, 28, 28, 28, 28, 28, 28, 28, 28, 28, 28
ch161, 28, 28, 28, 28, 28, 28, 28, 28, 28, 28
ch165, 28, 28, 28, 28, 28, 28, 28, 28, 28, 28
</vht20>

<vht40, m0, m1, m2, m3, m4, m5, m6, m7, m8, m9>
ch038, 28, 28, 28, 28, 28, 28, 28, 28, 28, 28
ch042, 28, 28, 28, 28, 28, 28, 28, 28, 28, 28
ch046, 28, 28, 28, 28, 28, 28, 28, 28, 28, 28
ch050, x, x, x, x, x, x, x, x, x, x
ch054, 28, 28, 28, 28, 28, 28, 28, 28, 28, 28
ch058, 26, 26, 26, 26, 26, 26, 26, 26, 26, 26
ch062, 26, 26, 26, 26, 26, 26, 26, 26, 26, 26
ch102, 28, 28, 28, 28, 28, 28, 28, 28, 28, 28
ch106, 28, 28, 28, 28, 28, 28, 28, 28, 28, 28
ch110, 28, 28, 28, 28, 28, 28, 28, 28, 28, 28
ch114, x, x, x, x, x, x, x, x, x, x
ch118, 28, 28, 28, 28, 28, 28, 28, 28, 28, 28
ch122, 28, 28, 28, 28, 28, 28, 28, 28, 28, 28
ch126, 28, 28, 28, 28, 28, 28, 28, 28, 28, 28
ch134, 28, 28, 28, 28, 28, 28, 28, 28, 28, 28
ch138, x, x, x, x, x, x, x, x, x, x
ch142, x, x, x, x, x, x, x, x, x, x
ch151, 28, 28, 28, 28, 28, 28, 28, 28, 28, 28
ch155, 28, 28, 28, 28, 28, 28, 28, 28, 28, 28
ch159, 28, 28, 28, 28, 28, 28, 28, 28, 28, 28
</vht40>

<vht80, m0, m1, m2, m3, m4, m5, m6, m7, m8, m9> 
ch042, 21, 21, 21, 21, 21, 21, 21, 21, 21, 21
ch050, x, x, x, x, x, x, x, x, x, x
ch058, 18, 18, 18, 18, 18, 18, 18, 18, 18, 18
ch106, 26, 26, 26, 26, 26, 26, 26, 26, 26, 26
ch114, x, x, x, x, x, x, x, x, x, x
ch122, 28, 28, 28, 28, 28, 28, 28, 28, 28, 28
ch138, x, x, x, x, x, x, x, x, x, x
ch155, 28, 28, 28, 28, 28, 28, 28, 28, 28, 28
</vht80>

<ru26, m0, m1, m2, m3, m4, m5, m6, m7, m8, m9, m10, m11>
ch001, 12, 12, 12, 12, 12, 12, 12, 12, 12, 12, 12, 12
ch002, 12, 12, 12, 12, 12, 12, 12, 12, 12, 12, 12, 12
ch003, 12, 12, 12, 12, 12, 12, 12, 12, 12, 12, 12, 12
ch004, 12, 12, 12, 12, 12, 12, 12, 12, 12, 12, 12, 12
ch005, 12, 12, 12, 12, 12, 12, 12, 12, 12, 12, 12, 12
ch006, 12, 12, 12, 12, 12, 12, 12, 12, 12, 12, 12, 12
ch007, 12, 12, 12, 12, 12, 12, 12, 12, 12, 12, 12, 12
ch008, 12, 12, 12, 12, 12, 12, 12, 12, 12, 12, 12, 12
ch009, 12, 12, 12, 12, 12, 12, 12, 12, 12, 12, 12, 12
ch010, 4, 4, 4, 4, 4, 4, 4, 4, 4, 4, 4, 4
ch011, 4, 4, 4, 4, 4, 4, 4, 4, 4, 4, 4, 4
ch012, 0, 0, 0, 0, 0, 0, 0, 0, 0, 0, 0, 0
ch013, -11, -11, -11, -11, -11, -11, -11, -11, -11, -11, -11, -11
ch014, x, x, x, x, x, x, x, x, x, x, x, x
ch036, 11, 11, 11, 11, 11, 11, 11, 11, 11, 11, 11, 11
ch038, 11, 11, 11, 11, 11, 11, 11, 11, 11, 11, 11, 11
ch040, 11, 11, 11, 11, 11, 11, 11, 11, 11, 11, 11, 11
ch042, 11, 11, 11, 11, 11, 11, 11, 11, 11, 11, 11, 11
ch044, 12, 12, 12, 12, 12, 12, 12, 12, 12, 12, 12, 12
ch046, 12, 12, 12, 12, 12, 12, 12, 12, 12, 12, 12, 12
ch048, 11, 11, 11, 11, 11, 11, 11, 11, 11, 11, 11, 11
ch050, x, x, x, x, x, x, x, x, x, x, x, x
ch052, 11, 11, 11, 11, 11, 11, 11, 11, 11, 11, 11, 11
ch054, 11, 11, 11, 11, 11, 11, 11, 11, 11, 11, 11, 11
ch056, 11, 11, 11, 11, 11, 11, 11, 11, 11, 11, 11, 11
ch058, 11, 11, 11, 11, 11, 11, 11, 11, 11, 11, 11, 11
ch060, 12, 12, 12, 12, 12, 12, 12, 12, 12, 12, 12, 12
ch062, 12, 12, 12, 12, 12, 12, 12, 12, 12, 12, 12, 12
ch064, 11, 11, 11, 11, 11, 11, 11, 11, 11, 11, 11, 11
ch100, 11, 11, 11, 11, 11, 11, 11, 11, 11, 11, 11, 11
ch102, 11, 11, 11, 11, 11, 11, 11, 11, 11, 11, 11, 11
ch104, 11, 11, 11, 11, 11, 11, 11, 11, 11, 11, 11, 11
ch106, 11, 11, 11, 11, 11, 11, 11, 11, 11, 11, 11, 11
ch108, 11, 11, 11, 11, 11, 11, 11, 11, 11, 11, 11, 11
ch110, 11, 11, 11, 11, 11, 11, 11, 11, 11, 11, 11, 11
ch112, 13, 13, 13, 13, 13, 13, 13, 13, 13, 13, 13, 13
ch114, x, x, x, x, x, x, x, x, x, x, x, x
ch116, 13, 13, 13, 13, 13, 13, 13, 13, 13, 13, 13, 13
ch118, 13, 13, 13, 13, 13, 13, 13, 13, 13, 13, 13, 13
ch120, 13, 13, 13, 13, 13, 13, 13, 13, 13, 13, 13, 13
ch122, 13, 13, 13, 13, 13, 13, 13, 13, 13, 13, 13, 13
ch124, 13, 13, 13, 13, 13, 13, 13, 13, 13, 13, 13, 13
ch126, 13, 13, 13, 13, 13, 13, 13, 13, 13, 13, 13, 13
ch128, 13, 13, 13, 13, 13, 13, 13, 13, 13, 13, 13, 13
ch132, 13, 13, 13, 13, 13, 13, 13, 13, 13, 13, 13, 13
ch134, 11, 11, 11, 11, 11, 11, 11, 11, 11, 11, 11, 11
ch136, 11, 11, 11, 11, 11, 11, 11, 11, 11, 11, 11, 11
ch138, x, x, x, x, x, x, x, x, x, x, x, x
ch140, 11, 11, 11, 11, 11, 11, 11, 11, 11, 11, 11, 11
ch142, x, x, x, x, x, x, x, x, x, x, x, x
ch144, x, x, x, x, x, x, x, x, x, x, x, x
ch149, 10, 10, 10, 10, 10, 10, 10, 10, 10, 10, 10, 10
ch151, 10, 10, 10, 10, 10, 10, 10, 10, 10, 10, 10, 10
ch153, 10, 10, 10, 10, 10, 10, 10, 10, 10, 10, 10, 10
ch155, 11, 11, 11, 11, 11, 11, 11, 11, 11, 11, 11, 11
ch157, 11, 11, 11, 11, 11, 11, 11, 11, 11, 11, 11, 11
ch159, 10, 10, 10, 10, 10, 10, 10, 10, 10, 10, 10, 10
ch161, 10, 10, 10, 10, 10, 10, 10, 10, 10, 10, 10, 10
ch165, 10, 10, 10, 10, 10, 10, 10, 10, 10, 10, 10, 10
</ru26>

<ru52, m0, m1, m2, m3, m4, m5, m6, m7, m8, m9, m10, m11>
ch001, 19, 19, 19, 19, 19, 19, 19, 19, 19, 19, 19, 19
ch002, 19, 19, 19, 19, 19, 19, 19, 19, 19, 19, 19, 19
ch003, 19, 19, 19, 19, 19, 19, 19, 19, 19, 19, 19, 19
ch004, 19, 19, 19, 19, 19, 19, 19, 19, 19, 19, 19, 19
ch005, 19, 19, 19, 19, 19, 19, 19, 19, 19, 19, 19, 19
ch006, 19, 19, 19, 19, 19, 19, 19, 19, 19, 19, 19, 19
ch007, 19, 19, 19, 19, 19, 19, 19, 19, 19, 19, 19, 19
ch008, 19, 19, 19, 19, 19, 19, 19, 19, 19, 19, 19, 19
ch009, 19, 19, 19, 19, 19, 19, 19, 19, 19, 19, 19, 19
ch010, 10, 10, 10, 10, 10, 10, 10, 10, 10, 10, 10, 10
ch011, 10, 10, 10, 10, 10, 10, 10, 10, 10, 10, 10, 10
ch012, 5, 5, 5, 5, 5, 5, 5, 5, 5, 5, 5, 5
ch013, -5, -5, -5, -5, -5, -5, -5, -5, -5, -5, -5, -5
ch014, x, x, x, x, x, x, x, x, x, x, x, x
ch036, 17, 17, 17, 17, 17, 17, 17, 17, 17, 17, 17, 17
ch038, 17, 17, 17, 17, 17, 17, 17, 17, 17, 17, 17, 17
ch040, 17, 17, 17, 17, 17, 17, 17, 17, 17, 17, 17, 17
ch042, 17, 17, 17, 17, 17, 17, 17, 17, 17, 17, 17, 17
ch044, 15, 15, 15, 15, 15, 15, 15, 15, 15, 15, 15, 15
ch046, 15, 15, 15, 15, 15, 15, 15, 15, 15, 15, 15, 15
ch048, 16, 16, 16, 16, 16, 16, 16, 16, 16, 16, 16, 16
ch050, x, x, x, x, x, x, x, x, x, x, x, x
ch052, 16, 16, 16, 16, 16, 16, 16, 16, 16, 16, 16, 16
ch054, 16, 16, 16, 16, 16, 16, 16, 16, 16, 16, 16, 16
ch056, 16, 16, 16, 16, 16, 16, 16, 16, 16, 16, 16, 16
ch058, 16, 16, 16, 16, 16, 16, 16, 16, 16, 16, 16, 16
ch060, 15, 15, 15, 15, 15, 15, 15, 15, 15, 15, 15, 15
ch062, 15, 15, 15, 15, 15, 15, 15, 15, 15, 15, 15, 15
ch064, 16, 16, 16, 16, 16, 16, 16, 16, 16, 16, 16, 16
ch100, 16, 16, 16, 16, 16, 16, 16, 16, 16, 16, 16, 16
ch102, 16, 16, 16, 16, 16, 16, 16, 16, 16, 16, 16, 16
ch104, 16, 16, 16, 16, 16, 16, 16, 16, 16, 16, 16, 16
ch106, 16, 16, 16, 16, 16, 16, 16, 16, 16, 16, 16, 16
ch108, 16, 16, 16, 16, 16, 16, 16, 16, 16, 16, 16, 16
ch110, 16, 16, 16, 16, 16, 16, 16, 16, 16, 16, 16, 16
ch112, 17, 17, 17, 17, 17, 17, 17, 17, 17, 17, 17, 17
ch114, x, x, x, x, x, x, x, x, x, x, x, x
ch116, 17, 17, 17, 17, 17, 17, 17, 17, 17, 17, 17, 17
ch118, 17, 17, 17, 17, 17, 17, 17, 17, 17, 17, 17, 17
ch120, 17, 17, 17, 17, 17, 17, 17, 17, 17, 17, 17, 17
ch122, 17, 17, 17, 17, 17, 17, 17, 17, 17, 17, 17, 17
ch124, 17, 17, 17, 17, 17, 17, 17, 17, 17, 17, 17, 17
ch126, 17, 17, 17, 17, 17, 17, 17, 17, 17, 17, 17, 17
ch128, 17, 17, 17, 17, 17, 17, 17, 17, 17, 17, 17, 17
ch132, 17, 17, 17, 17, 17, 17, 17, 17, 17, 17, 17, 17
ch134, 17, 17, 17, 17, 17, 17, 17, 17, 17, 17, 17, 17
ch136, 17, 17, 17, 17, 17, 17, 17, 17, 17, 17, 17, 17
ch138, x, x, x, x, x, x, x, x, x, x, x, x
ch140, 17, 17, 17, 17, 17, 17, 17, 17, 17, 17, 17, 17
ch142, x, x, x, x, x, x, x, x, x, x, x, x
ch144, x, x, x, x, x, x, x, x, x, x, x, x
ch149, 16, 16, 16, 16, 16, 16, 16, 16, 16, 16, 16, 16
ch151, 16, 16, 16, 16, 16, 16, 16, 16, 16, 16, 16, 16
ch153, 16, 16, 16, 16, 16, 16, 16, 16, 16, 16, 16, 16
ch155, 16, 16, 16, 16, 16, 16, 16, 16, 16, 16, 16, 16
ch157, 16, 16, 16, 16, 16, 16, 16, 16, 16, 16, 16, 16
ch159, 16, 16, 16, 16, 16, 16, 16, 16, 16, 16, 16, 16
ch161, 16, 16, 16, 16, 16, 16, 16, 16, 16, 16, 16, 16
ch165, 16, 16, 16, 16, 16, 16, 16, 16, 16, 16, 16, 16
</ru52>

<ru106, m0, m1, m2, m3, m4, m5, m6, m7, m8, m9, m10, m11>
ch001, 24, 24, 24, 24, 24, 24, 24, 24, 24, 24, 24, 24
ch002, 24, 24, 24, 24, 24, 24, 24, 24, 24, 24, 24, 24
ch003, 24, 24, 24, 24, 24, 24, 24, 24, 24, 24, 24, 24
ch004, 24, 24, 24, 24, 24, 24, 24, 24, 24, 24, 24, 24
ch005, 24, 24, 24, 24, 24, 24, 24, 24, 24, 24, 24, 24
ch006, 24, 24, 24, 24, 24, 24, 24, 24, 24, 24, 24, 24
ch007, 24, 24, 24, 24, 24, 24, 24, 24, 24, 24, 24, 24
ch008, 24, 24, 24, 24, 24, 24, 24, 24, 24, 24, 24, 24
ch009, 24, 24, 24, 24, 24, 24, 24, 24, 24, 24, 24, 24
ch010, 16, 16, 16, 16, 16, 16, 16, 16, 16, 16, 16, 16
ch011, 16, 16, 16, 16, 16, 16, 16, 16, 16, 16, 16, 16
ch012, 10, 10, 10, 10, 10, 10, 10, 10, 10, 10, 10, 10
ch013, 0, 0, 0, 0, 0, 0, 0, 0, 0, 0, 0, 0
ch014, x, x, x, x, x, x, x, x, x, x, x, x
ch036, 22, 22, 22, 22, 22, 22, 22, 22, 22, 22, 22, 22
ch038, 22, 22, 22, 22, 22, 22, 22, 22, 22, 22, 22, 22
ch040, 22, 22, 22, 22, 22, 22, 22, 22, 22, 22, 22, 22
ch042, 22, 22, 22, 22, 22, 22, 22, 22, 22, 22, 22, 22
ch044, 21, 21, 21, 21, 21, 21, 21, 21, 21, 21, 21, 21
ch046, 21, 21, 21, 21, 21, 21, 21, 21, 21, 21, 21, 21
ch048, 22, 22, 22, 22, 22, 22, 22, 22, 22, 22, 22, 22
ch050, x, x, x, x, x, x, x, x, x, x, x, x
ch052, 22, 22, 22, 22, 22, 22, 22, 22, 22, 22, 22, 22
ch054, 22, 22, 22, 22, 22, 22, 22, 22, 22, 22, 22, 22
ch056, 22, 22, 22, 22, 22, 22, 22, 22, 22, 22, 22, 22
ch058, 22, 22, 22, 22, 22, 22, 22, 22, 22, 22, 22, 22
ch060, 20, 20, 20, 20, 20, 20, 20, 20, 20, 20, 20, 20
ch062, 20, 20, 20, 20, 20, 20, 20, 20, 20, 20, 20, 20
ch064, 22, 22, 22, 22, 22, 22, 22, 22, 22, 22, 22, 22
ch100, 22, 22, 22, 22, 22, 22, 22, 22, 22, 22, 22, 22
ch102, 22, 22, 22, 22, 22, 22, 22, 22, 22, 22, 22, 22
ch104, 22, 22, 22, 22, 22, 22, 22, 22, 22, 22, 22, 22
ch106, 22, 22, 22, 22, 22, 22, 22, 22, 22, 22, 22, 22
ch108, 22, 22, 22, 22, 22, 22, 22, 22, 22, 22, 22, 22
ch110, 22, 22, 22, 22, 22, 22, 22, 22, 22, 22, 22, 22
ch112, 23, 23, 23, 23, 23, 23, 23, 23, 23, 23, 23, 23
ch114, x, x, x, x, x, x, x, x, x, x, x, x
ch116, 23, 23, 23, 23, 23, 23, 23, 23, 23, 23, 23, 23
ch118, 23, 23, 23, 23, 23, 23, 23, 23, 23, 23, 23, 23
ch120, 23, 23, 23, 23, 23, 23, 23, 23, 23, 23, 23, 23
ch122, 23, 23, 23, 23, 23, 23, 23, 23, 23, 23, 23, 23
ch124, 23, 23, 23, 23, 23, 23, 23, 23, 23, 23, 23, 23
ch126, 23, 23, 23, 23, 23, 23, 23, 23, 23, 23, 23, 23
ch128, 23, 23, 23, 23, 23, 23, 23, 23, 23, 23, 23, 23
ch132, 23, 23, 23, 23, 23, 23, 23, 23, 23, 23, 23, 23
ch134, 22, 22, 22, 22, 22, 22, 22, 22, 22, 22, 22, 22
ch136, 22, 22, 22, 22, 22, 22, 22, 22, 22, 22, 22, 22
ch138, x, x, x, x, x, x, x, x, x, x, x, x
ch140, 22, 22, 22, 22, 22, 22, 22, 22, 22, 22, 22, 22
ch142, x, x, x, x, x, x, x, x, x, x, x, x
ch144, x, x, x, x, x, x, x, x, x, x, x, x
ch149, 21, 21, 21, 21, 21, 21, 21, 21, 21, 21, 21, 21
ch151, 21, 21, 21, 21, 21, 21, 21, 21, 21, 21, 21, 21
ch153, 21, 21, 21, 21, 21, 21, 21, 21, 21, 21, 21, 21
ch155, 22, 22, 22, 22, 22, 22, 22, 22, 22, 22, 22, 22
ch157, 22, 22, 22, 22, 22, 22, 22, 22, 22, 22, 22, 22
ch159, 21, 21, 21, 21, 21, 21, 21, 21, 21, 21, 21, 21
ch161, 21, 21, 21, 21, 21, 21, 21, 21, 21, 21, 21, 21
ch165, 21, 21, 21, 21, 21, 21, 21, 21, 21, 21, 21, 21
</ru106>

<ru242, m0, m1, m2, m3, m4, m5, m6, m7, m8, m9, m10, m11>
ch001, 28, 28, 28, 28, 28, 28, 28, 28, 28, 28, 28, 28
ch002, 28, 28, 28, 28, 28, 28, 28, 28, 28, 28, 28, 28
ch003, 28, 28, 28, 28, 28, 28, 28, 28, 28, 28, 28, 28
ch004, 28, 28, 28, 28, 28, 28, 28, 28, 28, 28, 28, 28
ch005, 28, 28, 28, 28, 28, 28, 28, 28, 28, 28, 28, 28
ch006, 28, 28, 28, 28, 28, 28, 28, 28, 28, 28, 28, 28
ch007, 28, 28, 28, 28, 28, 28, 28, 28, 28, 28, 28, 28
ch008, 28, 28, 28, 28, 28, 28, 28, 28, 28, 28, 28, 28
ch009, 28, 28, 28, 28, 28, 28, 28, 28, 28, 28, 28, 28
ch010, 22, 22, 22, 22, 22, 22, 22, 22, 22, 22, 22, 22
ch011, 22, 22, 22, 22, 22, 22, 22, 22, 22, 22, 22, 22
ch012, 16, 16, 16, 16, 16, 16, 16, 16, 16, 16, 16, 16
ch013, 6, 6, 6, 6, 6, 6, 6, 6, 6, 6, 6, 6
ch014, x, x, x, x, x, x, x, x, x, x, x, x
ch036, 28, 28, 28, 28, 28, 28, 28, 28, 28, 28, 28, 28
ch038, 21, 21, 21, 21, 21, 21, 21, 21, 21, 21, 21, 21
ch040, 28, 28, 28, 28, 28, 28, 28, 28, 28, 28, 28, 28
ch042, 21, 21, 21, 21, 21, 21, 21, 21, 21, 21, 21, 21
ch044, 28, 28, 28, 28, 28, 28, 28, 28, 28, 28, 28, 28
ch046, 23, 23, 23, 23, 23, 23, 23, 23, 23, 23, 23, 23
ch048, 28, 28, 28, 28, 28, 28, 28, 28, 28, 28, 28, 28
ch050, x, x, x, x, x, x, x, x, x, x, x, x
ch052, 28, 28, 28, 28, 28, 28, 28, 28, 28, 28, 28, 28
ch054, 23, 23, 23, 23, 23, 23, 23, 23, 23, 23, 23, 23
ch056, 28, 28, 28, 28, 28, 28, 28, 28, 28, 28, 28, 28
ch058, 21, 21, 21, 21, 21, 21, 21, 21, 21, 21, 21, 21
ch060, 28, 28, 28, 28, 28, 28, 28, 28, 28, 28, 28, 28
ch062, 21, 21, 21, 21, 21, 21, 21, 21, 21, 21, 21, 21
ch064, 28, 28, 28, 28, 28, 28, 28, 28, 28, 28, 28, 28
ch100, 28, 28, 28, 28, 28, 28, 28, 28, 28, 28, 28, 28
ch102, 23, 23, 23, 23, 23, 23, 23, 23, 23, 23, 23, 23
ch104, 28, 28, 28, 28, 28, 28, 28, 28, 28, 28, 28, 28
ch106, 23, 23, 23, 23, 23, 23, 23, 23, 23, 23, 23, 23
ch108, 28, 28, 28, 28, 28, 28, 28, 28, 28, 28, 28, 28
ch110, 24, 24, 24, 24, 24, 24, 24, 24, 24, 24, 24, 24
ch112, 28, 28, 28, 28, 28, 28, 28, 28, 28, 28, 28, 28
ch114, x, x, x, x, x, x, x, x, x, x, x, x
ch116, 28, 28, 28, 28, 28, 28, 28, 28, 28, 28, 28, 28
ch118, 24, 24, 24, 24, 24, 24, 24, 24, 24, 24, 24, 24
ch120, 28, 28, 28, 28, 28, 28, 28, 28, 28, 28, 28, 28
ch122, 24, 24, 24, 24, 24, 24, 24, 24, 24, 24, 24, 24
ch124, 28, 28, 28, 28, 28, 28, 28, 28, 28, 28, 28, 28
ch126, 23, 23, 23, 23, 23, 23, 23, 23, 23, 23, 23, 23
ch128, 28, 28, 28, 28, 28, 28, 28, 28, 28, 28, 28, 28
ch132, 28, 28, 28, 28, 28, 28, 28, 28, 28, 28, 28, 28
ch134, 23, 23, 23, 23, 23, 23, 23, 23, 23, 23, 23, 23
ch136, 28, 28, 28, 28, 28, 28, 28, 28, 28, 28, 28, 28
ch138, x, x, x, x, x, x, x, x, x, x, x, x
ch140, 28, 28, 28, 28, 28, 28, 28, 28, 28, 28, 28, 28
ch142, x, x, x, x, x, x, x, x, x, x, x, x
ch144, x, x, x, x, x, x, x, x, x, x, x, x
ch149, 28, 28, 28, 28, 28, 28, 28, 28, 28, 28, 28, 28
ch151, 23, 23, 23, 23, 23, 23, 23, 23, 23, 23, 23, 23
ch153, 28, 28, 28, 28, 28, 28, 28, 28, 28, 28, 28, 28
ch155, 23, 23, 23, 23, 23, 23, 23, 23, 23, 23, 23, 23
ch157, 28, 28, 28, 28, 28, 28, 28, 28, 28, 28, 28, 28
ch159, 23, 23, 23, 23, 23, 23, 23, 23, 23, 23, 23, 23
ch161, 28, 28, 28, 28, 28, 28, 28, 28, 28, 28, 28, 28
ch165, 28, 28, 28, 28, 28, 28, 28, 28, 28, 28, 28, 28
</ru242>

<ru484, m0, m1, m2, m3, m4, m5, m6, m7, m8, m9, m10, m11>
ch038, 27, 27, 27, 27, 27, 27, 27, 27, 27, 27, 27, 27
ch042, 18, 18, 18, 18, 18, 18, 18, 18, 18, 18, 18, 18
ch046, 28, 28, 28, 28, 28, 28, 28, 28, 28, 28, 28, 28
ch050, x, x, x, x, x, x, x, x, x, x, x, x
ch054, 28, 28, 28, 28, 28, 28, 28, 28, 28, 28, 28, 28
ch058, 14, 14, 14, 14, 14, 14, 14, 14, 14, 14, 14, 14
ch062, 26, 26, 26, 26, 26, 26, 26, 26, 26, 26, 26, 26
ch102, 28, 28, 28, 28, 28, 28, 28, 28, 28, 28, 28, 28
ch106, 23, 23, 23, 23, 23, 23, 23, 23, 23, 23, 23, 23
ch110, 28, 28, 28, 28, 28, 28, 28, 28, 28, 28, 28, 28
ch114, x, x, x, x, x, x, x, x, x, x, x, x
ch118, 28, 28, 28, 28, 28, 28, 28, 28, 28, 28, 28, 28
ch122, 25, 25, 25, 25, 25, 25, 25, 25, 25, 25, 25, 25
ch126, 28, 28, 28, 28, 28, 28, 28, 28, 28, 28, 28, 28
ch134, 28, 28, 28, 28, 28, 28, 28, 28, 28, 28, 28, 28
ch138, x, x, x, x, x, x, x, x, x, x, x, x
ch142, x, x, x, x, x, x, x, x, x, x, x, x
ch151, 28, 28, 28, 28, 28, 28, 28, 28, 28, 28, 28, 28
ch155, 22, 22, 22, 22, 22, 22, 22, 22, 22, 22, 22, 22
ch159, 28, 28, 28, 28, 28, 28, 28, 28, 28, 28, 28, 28
</ru484>

<ru996, m0, m1, m2, m3, m4, m5, m6, m7, m8, m9, m10, m11> 
ch042, 21, 21, 21, 21, 21, 21, 21, 21, 21, 21, 21, 21
ch050, x, x, x, x, x, x, x, x, x, x, x, x
ch058, 18, 18, 18, 18, 18, 18, 18, 18, 18, 18, 18, 18
ch106, 26, 26, 26, 26, 26, 26, 26, 26, 26, 26, 26, 26
ch114, x, x, x, x, x, x, x, x, x, x, x, x
ch122, 28, 28, 28, 28, 28, 28, 28, 28, 28, 28, 28, 28
ch138, x, x, x, x, x, x, x, x, x, x, x, x
ch155, 28, 28, 28, 28, 28, 28, 28, 28, 28, 28, 28, 28
</ru996>

[00]
<cck,  c1, c2, c5, c11>
ch001, 10, 10, 10, 10
ch002, 10, 10, 10, 10
ch003, 10, 10, 10, 10
ch004, 10, 10, 10, 10
ch005, 10, 10, 10, 10
ch006, 10, 10, 10, 10
ch007, 10, 10, 10, 10
ch008, 10, 10, 10, 10
ch009, 10, 10, 10, 10
ch010, 10, 10, 10, 10
ch011, 10, 10, 10, 10
ch012, 10, 10, 10, 10
ch013, 10, 10, 10, 10
ch014, x, x, x, x
</cck>

<ofdm, o6, o9, o12, o18, o24, o36, o48, o54>
ch001, 14, 14, 14, 14, 14, 14, 14, 14
ch002, 14, 14, 14, 14, 14, 14, 14, 14
ch003, 14, 14, 14, 14, 14, 14, 14, 14
ch004, 14, 14, 14, 14, 14, 14, 14, 14
ch005, 14, 14, 14, 14, 14, 14, 14, 14
ch006, 14, 14, 14, 14, 14, 14, 14, 14
ch007, 14, 14, 14, 14, 14, 14, 14, 14
ch008, 14, 14, 14, 14, 14, 14, 14, 14
ch009, 14, 14, 14, 14, 14, 14, 14, 14
ch010, 14, 14, 14, 14, 14, 14, 14, 14
ch011, 14, 14, 14, 14, 14, 14, 14, 14
ch012, 14, 14, 14, 14, 14, 14, 14, 14
ch013, 7, 7, 7, 7, 7, 7, 7, 7
ch014, x, x, x, x, x, x, x, x
ch036, 15, 15, 15, 15, 15, 15, 15, 15
ch038, 15, 15, 15, 15, 15, 15, 15, 15
ch040, 15, 15, 15, 15, 15, 15, 15, 15
ch042, 15, 15, 15, 15, 15, 15, 15, 15
ch044, 15, 15, 15, 15, 15, 15, 15, 15
ch046, 15, 15, 15, 15, 15, 15, 15, 15
ch048, 15, 15, 15, 15, 15, 15, 15, 15
ch050, x, x, x, x, x, x, x, x
ch052, 13, 13, 13, 13, 13, 13, 13, 13
ch054, 13, 13, 13, 13, 13, 13, 13, 13
ch056, 13, 13, 13, 13, 13, 13, 13, 13
ch058, 13, 13, 13, 13, 13, 13, 13, 13
ch060, 13, 13, 13, 13, 13, 13, 13, 13
ch062, 13, 13, 13, 13, 13, 13, 13, 13
ch064, 13, 13, 13, 13, 13, 13, 13, 13
ch100, 14, 14, 14, 14, 14, 14, 14, 14
ch102, 14, 14, 14, 14, 14, 14, 14, 14
ch104, 14, 14, 14, 14, 14, 14, 14, 14
ch106, 14, 14, 14, 14, 14, 14, 14, 14
ch108, 14, 14, 14, 14, 14, 14, 14, 14
ch110, 14, 14, 14, 14, 14, 14, 14, 14
ch112, 14, 14, 14, 14, 14, 14, 14, 14
ch114, x, x, x, x, x, x, x, x
ch116, 14, 14, 14, 14, 14, 14, 14, 14
ch118, 14, 14, 14, 14, 14, 14, 14, 14
ch120, 14, 14, 14, 14, 14, 14, 14, 14
ch122, 14, 14, 14, 14, 14, 14, 14, 14
ch124, 14, 14, 14, 14, 14, 14, 14, 14
ch126, 14, 14, 14, 14, 14, 14, 14, 14
ch128, 14, 14, 14, 14, 14, 14, 14, 14
ch132, 14, 14, 14, 14, 14, 14, 14, 14
ch134, 14, 14, 14, 14, 14, 14, 14, 14
ch136, 14, 14, 14, 14, 14, 14, 14, 14
ch138, 14, 14, 14, 14, 14, 14, 14, 14
ch140, 14, 14, 14, 14, 14, 14, 14, 14
ch142, 12, 12, 12, 12, 12, 12, 12, 12
ch144, 12, 12, 12, 12, 12, 12, 12, 12
ch149, 5, 5, 5, 5, 5, 5, 5, 5
ch151, 5, 5, 5, 5, 5, 5, 5, 5
ch153, 5, 5, 5, 5, 5, 5, 5, 5
ch155, 5, 5, 5, 5, 5, 5, 5, 5
ch157, 5, 5, 5, 5, 5, 5, 5, 5
ch159, 5, 5, 5, 5, 5, 5, 5, 5
ch161, 6, 6, 6, 6, 6, 6, 6, 6
ch165, 6, 6, 6, 6, 6, 6, 6, 6
</ofdm>

<ht20, m0, m1, m2, m3, m4, m5, m6, m7>
ch001, 14, 14, 14, 14, 14, 14, 14, 14
ch002, 14, 14, 14, 14, 14, 14, 14, 14
ch003, 14, 14, 14, 14, 14, 14, 14, 14
ch004, 14, 14, 14, 14, 14, 14, 14, 14
ch005, 14, 14, 14, 14, 14, 14, 14, 14
ch006, 14, 14, 14, 14, 14, 14, 14, 14
ch007, 14, 14, 14, 14, 14, 14, 14, 14
ch008, 14, 14, 14, 14, 14, 14, 14, 14
ch009, 14, 14, 14, 14, 14, 14, 14, 14
ch010, 14, 14, 14, 14, 14, 14, 14, 14
ch011, 14, 14, 14, 14, 14, 14, 14, 14
ch012, 14, 14, 14, 14, 14, 14, 14, 14
ch013, 2, 2, 2, 2, 2, 2, 2, 2
ch014, x, x, x, x, x, x, x, x
ch036, 17, 17, 17, 17, 17, 17, 17, 17
ch038, 17, 17, 17, 17, 17, 17, 17, 17
ch040, 17, 17, 17, 17, 17, 17, 17, 17
ch042, 17, 17, 17, 17, 17, 17, 17, 17
ch044, 17, 17, 17, 17, 17, 17, 17, 17
ch046, 17, 17, 17, 17, 17, 17, 17, 17
ch048, 17, 17, 17, 17, 17, 17, 17, 17
ch050, x, x, x, x, x, x, x, x
ch052, 14, 14, 14, 14, 14, 14, 14, 14
ch054, 14, 14, 14, 14, 14, 14, 14, 14
ch056, 13, 13, 13, 13, 13, 13, 13, 13
ch058, 13, 13, 13, 13, 13, 13, 13, 13
ch060, 13, 13, 13, 13, 13, 13, 13, 13
ch062, 13, 13, 13, 13, 13, 13, 13, 13
ch064, 13, 13, 13, 13, 13, 13, 13, 13
ch100, 15, 15, 15, 15, 15, 15, 15, 15
ch102, 15, 15, 15, 15, 15, 15, 15, 15
ch104, 15, 15, 15, 15, 15, 15, 15, 15
ch106, 15, 15, 15, 15, 15, 15, 15, 15
ch108, 15, 15, 15, 15, 15, 15, 15, 15
ch110, 15, 15, 15, 15, 15, 15, 15, 15
ch112, 15, 15, 15, 15, 15, 15, 15, 15
ch114, x, x, x, x, x, x, x, x
ch116, 15, 15, 15, 15, 15, 15, 15, 15
ch118, 15, 15, 15, 15, 15, 15, 15, 15
ch120, 15, 15, 15, 15, 15, 15, 15, 15
ch122, 15, 15, 15, 15, 15, 15, 15, 15
ch124, 15, 15, 15, 15, 15, 15, 15, 15
ch126, 15, 15, 15, 15, 15, 15, 15, 15
ch128, 15, 15, 15, 15, 15, 15, 15, 15
ch132, 16, 16, 16, 16, 16, 16, 16, 16
ch134, 16, 16, 16, 16, 16, 16, 16, 16
ch136, 16, 16, 16, 16, 16, 16, 16, 16
ch138, 16, 16, 16, 16, 16, 16, 16, 16
ch140, 16, 16, 16, 16, 16, 16, 16, 16
ch142, 13, 13, 13, 13, 13, 13, 13, 13
ch144, 13, 13, 13, 13, 13, 13, 13, 13
ch149, 6, 6, 6, 6, 6, 6, 6, 6
ch151, 6, 6, 6, 6, 6, 6, 6, 6
ch153, 6, 6, 6, 6, 6, 6, 6, 6
ch155, 6, 6, 6, 6, 6, 6, 6, 6
ch157, 6, 6, 6, 6, 6, 6, 6, 6
ch159, 6, 6, 6, 6, 6, 6, 6, 6
ch161, 6, 6, 6, 6, 6, 6, 6, 6
ch165, 6, 6, 6, 6, 6, 6, 6, 6
</ht20>

<ht40, m0, m1, m2, m3, m4, m5, m6, m7, m32> 
ch038, 21, 21, 21, 21, 21, 21, 21, 21, 21
ch042, 21, 21, 21, 21, 21, 21, 21, 21, 21
ch046, 20, 20, 20, 20, 20, 20, 20, 20, 20
ch050, x, x, x, x, x, x, x, x, x
ch054, 12, 12, 12, 12, 12, 12, 12, 12, 12
ch058, 12, 12, 12, 12, 12, 12, 12, 12, 12
ch062, 12, 12, 12, 12, 12, 12, 12, 12, 12
ch102, 17, 17, 17, 17, 17, 17, 17, 17, 17
ch106, 17, 17, 17, 17, 17, 17, 17, 17, 17
ch110, 17, 17, 17, 17, 17, 17, 17, 17, 17
ch114, x, x, x, x, x, x, x, x, x
ch118, 17, 17, 17, 17, 17, 17, 17, 17, 17
ch122, 18, 18, 18, 18, 18, 18, 18, 18, 18
ch126, 18, 18, 18, 18, 18, 18, 18, 18, 18
ch134, 18, 18, 18, 18, 18, 18, 18, 18, 18
ch138, 18, 18, 18, 18, 18, 18, 18, 18, 18
ch142, 17, 17, 17, 17, 17, 17, 17, 17, 17
ch151, 5, 5, 5, 5, 5, 5, 5, 5, 5
ch155, 5, 5, 5, 5, 5, 5, 5, 5, 5
ch159, 5, 5, 5, 5, 5, 5, 5, 5, 5
</ht40>

<vht20, m0, m1, m2, m3, m4, m5, m6, m7, m8, m9>
ch001, 14, 14, 14, 14, 14, 14, 14, 14, 14, 14
ch002, 14, 14, 14, 14, 14, 14, 14, 14, 14, 14
ch003, 14, 14, 14, 14, 14, 14, 14, 14, 14, 14
ch004, 14, 14, 14, 14, 14, 14, 14, 14, 14, 14
ch005, 14, 14, 14, 14, 14, 14, 14, 14, 14, 14
ch006, 14, 14, 14, 14, 14, 14, 14, 14, 14, 14
ch007, 14, 14, 14, 14, 14, 14, 14, 14, 14, 14
ch008, 14, 14, 14, 14, 14, 14, 14, 14, 14, 14
ch009, 14, 14, 14, 14, 14, 14, 14, 14, 14, 14
ch010, 14, 14, 14, 14, 14, 14, 14, 14, 14, 14
ch011, 14, 14, 14, 14, 14, 14, 14, 14, 14, 14
ch012, 14, 14, 14, 14, 14, 14, 14, 14, 14, 14
ch013, 2, 2, 2, 2, 2, 2, 2, 2, 2, 2
ch014, x, x, x, x, x, x, x, x, x, x
ch036, 17, 17, 17, 17, 17, 17, 17, 17, 17, 17
ch038, 17, 17, 17, 17, 17, 17, 17, 17, 17, 17
ch040, 17, 17, 17, 17, 17, 17, 17, 17, 17, 17
ch042, 17, 17, 17, 17, 17, 17, 17, 17, 17, 17
ch044, 17, 17, 17, 17, 17, 17, 17, 17, 17, 17
ch046, 17, 17, 17, 17, 17, 17, 17, 17, 17, 17
ch048, 17, 17, 17, 17, 17, 17, 17, 17, 17, 17
ch050, x, x, x, x, x, x, x, x, x, x
ch052, 14, 14, 14, 14, 14, 14, 14, 14, 14, 14
ch054, 14, 14, 14, 14, 14, 14, 14, 14, 14, 14
ch056, 13, 13, 13, 13, 13, 13, 13, 13, 13, 13
ch058, 13, 13, 13, 13, 13, 13, 13, 13, 13, 13
ch060, 13, 13, 13, 13, 13, 13, 13, 13, 13, 13
ch062, 13, 13, 13, 13, 13, 13, 13, 13, 13, 13
ch064, 13, 13, 13, 13, 13, 13, 13, 13, 13, 13
ch100, 15, 15, 15, 15, 15, 15, 15, 15, 15, 15
ch102, 15, 15, 15, 15, 15, 15, 15, 15, 15, 15
ch104, 15, 15, 15, 15, 15, 15, 15, 15, 15, 15
ch106, 15, 15, 15, 15, 15, 15, 15, 15, 15, 15
ch108, 15, 15, 15, 15, 15, 15, 15, 15, 15, 15
ch110, 15, 15, 15, 15, 15, 15, 15, 15, 15, 15
ch112, 15, 15, 15, 15, 15, 15, 15, 15, 15, 15
ch114, x, x, x, x, x, x, x, x, x, x
ch116, 15, 15, 15, 15, 15, 15, 15, 15, 15, 15
ch118, 15, 15, 15, 15, 15, 15, 15, 15, 15, 15
ch120, 15, 15, 15, 15, 15, 15, 15, 15, 15, 15
ch122, 15, 15, 15, 15, 15, 15, 15, 15, 15, 15
ch124, 15, 15, 15, 15, 15, 15, 15, 15, 15, 15
ch126, 15, 15, 15, 15, 15, 15, 15, 15, 15, 15
ch128, 15, 15, 15, 15, 15, 15, 15, 15, 15, 15
ch132, 16, 16, 16, 16, 16, 16, 16, 16, 16, 16
ch134, 16, 16, 16, 16, 16, 16, 16, 16, 16, 16
ch136, 16, 16, 16, 16, 16, 16, 16, 16, 16, 16
ch138, 16, 16, 16, 16, 16, 16, 16, 16, 16, 16
ch140, 16, 16, 16, 16, 16, 16, 16, 16, 16, 16
ch142, 13, 13, 13, 13, 13, 13, 13, 13, 13, 13
ch144, 13, 13, 13, 13, 13, 13, 13, 13, 13, 13
ch149, 6, 6, 6, 6, 6, 6, 6, 6, 6, 6
ch151, 6, 6, 6, 6, 6, 6, 6, 6, 6, 6
ch153, 6, 6, 6, 6, 6, 6, 6, 6, 6, 6
ch155, 6, 6, 6, 6, 6, 6, 6, 6, 6, 6
ch157, 6, 6, 6, 6, 6, 6, 6, 6, 6, 6
ch159, 6, 6, 6, 6, 6, 6, 6, 6, 6, 6
ch161, 6, 6, 6, 6, 6, 6, 6, 6, 6, 6
ch165, 6, 6, 6, 6, 6, 6, 6, 6, 6, 6
</vht20>

<vht40, m0, m1, m2, m3, m4, m5, m6, m7, m8, m9>
ch038, 21, 21, 21, 21, 21, 21, 21, 21, 21, 21
ch042, 21, 21, 21, 21, 21, 21, 21, 21, 21, 21
ch046, 20, 20, 20, 20, 20, 20, 20, 20, 20, 20
ch050, x, x, x, x, x, x, x, x, x, x
ch054, 12, 12, 12, 12, 12, 12, 12, 12, 12, 12
ch058, 12, 12, 12, 12, 12, 12, 12, 12, 12, 12
ch062, 12, 12, 12, 12, 12, 12, 12, 12, 12, 12
ch102, 17, 17, 17, 17, 17, 17, 17, 17, 17, 17
ch106, 17, 17, 17, 17, 17, 17, 17, 17, 17, 17
ch110, 17, 17, 17, 17, 17, 17, 17, 17, 17, 17
ch114, x, x, x, x, x, x, x, x, x, x
ch118, 17, 17, 17, 17, 17, 17, 17, 17, 17, 17
ch122, 18, 18, 18, 18, 18, 18, 18, 18, 18, 18
ch126, 18, 18, 18, 18, 18, 18, 18, 18, 18, 18
ch134, 18, 18, 18, 18, 18, 18, 18, 18, 18, 18
ch138, 18, 18, 18, 18, 18, 18, 18, 18, 18, 18
ch142, 17, 17, 17, 17, 17, 17, 17, 17, 17, 17
ch151, 5, 5, 5, 5, 5, 5, 5, 5, 5, 5
ch155, 5, 5, 5, 5, 5, 5, 5, 5, 5, 5
ch159, 5, 5, 5, 5, 5, 5, 5, 5, 5, 5
</vht40>

<vht80, m0, m1, m2, m3, m4, m5, m6, m7, m8, m9> 
ch042, 21, 21, 21, 21, 21, 21, 21, 21, 21, 21
ch050, x, x, x, x, x, x, x, x, x, x
ch058, 14, 14, 14, 14, 14, 14, 14, 14, 14, 14
ch106, 17, 17, 17, 17, 17, 17, 17, 17, 17, 17
ch114, x, x, x, x, x, x, x, x, x, x
ch122, 16, 16, 16, 16, 16, 16, 16, 16, 16, 16
ch138, 17, 17, 17, 17, 17, 17, 17, 17, 17, 17
ch155, 5, 5, 5, 5, 5, 5, 5, 5, 5, 5
</vht80>

<ru26, m0, m1, m2, m3, m4, m5, m6, m7, m8, m9, m10, m11>
ch001, -3, -3, -3, -3, -3, -3, -3, -3, -3, -3, -3, -3
ch002, -3, -3, -3, -3, -3, -3, -3, -3, -3, -3, -3, -3
ch003, -3, -3, -3, -3, -3, -3, -3, -3, -3, -3, -3, -3
ch004, -3, -3, -3, -3, -3, -3, -3, -3, -3, -3, -3, -3
ch005, -3, -3, -3, -3, -3, -3, -3, -3, -3, -3, -3, -3
ch006, -3, -3, -3, -3, -3, -3, -3, -3, -3, -3, -3, -3
ch007, -3, -3, -3, -3, -3, -3, -3, -3, -3, -3, -3, -3
ch008, -3, -3, -3, -3, -3, -3, -3, -3, -3, -3, -3, -3
ch009, -3, -3, -3, -3, -3, -3, -3, -3, -3, -3, -3, -3
ch010, -3, -3, -3, -3, -3, -3, -3, -3, -3, -3, -3, -3
ch011, -3, -3, -3, -3, -3, -3, -3, -3, -3, -3, -3, -3
ch012, -3, -3, -3, -3, -3, -3, -3, -3, -3, -3, -3, -3
ch013, -11, -11, -11, -11, -11, -11, -11, -11, -11, -11, -11, -11
ch014, x, x, x, x, x, x, x, x, x, x, x, x
ch036, -1, -1, -1, -1, -1, -1, -1, -1, -1, -1, -1, -1
ch038, -1, -1, -1, -1, -1, -1, -1, -1, -1, -1, -1, -1
ch040, -1, -1, -1, -1, -1, -1, -1, -1, -1, -1, -1, -1
ch042, -1, -1, -1, -1, -1, -1, -1, -1, -1, -1, -1, -1
ch044, 0, 0, 0, 0, 0, 0, 0, 0, 0, 0, 0, 0
ch046, 0, 0, 0, 0, 0, 0, 0, 0, 0, 0, 0, 0
ch048, -1, -1, -1, -1, -1, -1, -1, -1, -1, -1, -1, -1
ch050, x, x, x, x, x, x, x, x, x, x, x, x
ch052, -1, -1, -1, -1, -1, -1, -1, -1, -1, -1, -1, -1
ch054, -1, -1, -1, -1, -1, -1, -1, -1, -1, -1, -1, -1
ch056, -1, -1, -1, -1, -1, -1, -1, -1, -1, -1, -1, -1
ch058, -1, -1, -1, -1, -1, -1, -1, -1, -1, -1, -1, -1
ch060, -1, -1, -1, -1, -1, -1, -1, -1, -1, -1, -1, -1
ch062, -1, -1, -1, -1, -1, -1, -1, -1, -1, -1, -1, -1
ch064, -1, -1, -1, -1, -1, -1, -1, -1, -1, -1, -1, -1
ch100, 0, 0, 0, 0, 0, 0, 0, 0, 0, 0, 0, 0
ch102, 0, 0, 0, 0, 0, 0, 0, 0, 0, 0, 0, 0
ch104, 0, 0, 0, 0, 0, 0, 0, 0, 0, 0, 0, 0
ch106, 0, 0, 0, 0, 0, 0, 0, 0, 0, 0, 0, 0
ch108, 0, 0, 0, 0, 0, 0, 0, 0, 0, 0, 0, 0
ch110, 0, 0, 0, 0, 0, 0, 0, 0, 0, 0, 0, 0
ch112, 0, 0, 0, 0, 0, 0, 0, 0, 0, 0, 0, 0
ch114, x, x, x, x, x, x, x, x, x, x, x, x
ch116, 0, 0, 0, 0, 0, 0, 0, 0, 0, 0, 0, 0
ch118, 0, 0, 0, 0, 0, 0, 0, 0, 0, 0, 0, 0
ch120, 0, 0, 0, 0, 0, 0, 0, 0, 0, 0, 0, 0
ch122, 0, 0, 0, 0, 0, 0, 0, 0, 0, 0, 0, 0
ch124, 0, 0, 0, 0, 0, 0, 0, 0, 0, 0, 0, 0
ch126, 0, 0, 0, 0, 0, 0, 0, 0, 0, 0, 0, 0
ch128, 0, 0, 0, 0, 0, 0, 0, 0, 0, 0, 0, 0
ch132, 1, 1, 1, 1, 1, 1, 1, 1, 1, 1, 1, 1
ch134, 1, 1, 1, 1, 1, 1, 1, 1, 1, 1, 1, 1
ch136, 1, 1, 1, 1, 1, 1, 1, 1, 1, 1, 1, 1
ch138, 1, 1, 1, 1, 1, 1, 1, 1, 1, 1, 1, 1
ch140, 1, 1, 1, 1, 1, 1, 1, 1, 1, 1, 1, 1
ch142, 0, 0, 0, 0, 0, 0, 0, 0, 0, 0, 0, 0
ch144, 0, 0, 0, 0, 0, 0, 0, 0, 0, 0, 0, 0
ch149, -1, -1, -1, -1, -1, -1, -1, -1, -1, -1, -1, -1
ch151, -1, -1, -1, -1, -1, -1, -1, -1, -1, -1, -1, -1
ch153, -1, -1, -1, -1, -1, -1, -1, -1, -1, -1, -1, -1
ch155, -1, -1, -1, -1, -1, -1, -1, -1, -1, -1, -1, -1
ch157, -3, -3, -3, -3, -3, -3, -3, -3, -3, -3, -3, -3
ch159, -3, -3, -3, -3, -3, -3, -3, -3, -3, -3, -3, -3
ch161, -1, -1, -1, -1, -1, -1, -1, -1, -1, -1, -1, -1
ch165, -1, -1, -1, -1, -1, -1, -1, -1, -1, -1, -1, -1
</ru26>

<ru52, m0, m1, m2, m3, m4, m5, m6, m7, m8, m9, m10, m11>
ch001, 3, 3, 3, 3, 3, 3, 3, 3, 3, 3, 3, 3
ch002, 3, 3, 3, 3, 3, 3, 3, 3, 3, 3, 3, 3
ch003, 2, 2, 2, 2, 2, 2, 2, 2, 2, 2, 2, 2
ch004, 2, 2, 2, 2, 2, 2, 2, 2, 2, 2, 2, 2
ch005, 2, 2, 2, 2, 2, 2, 2, 2, 2, 2, 2, 2
ch006, 2, 2, 2, 2, 2, 2, 2, 2, 2, 2, 2, 2
ch007, 2, 2, 2, 2, 2, 2, 2, 2, 2, 2, 2, 2
ch008, 2, 2, 2, 2, 2, 2, 2, 2, 2, 2, 2, 2
ch009, 2, 2, 2, 2, 2, 2, 2, 2, 2, 2, 2, 2
ch010, 2, 2, 2, 2, 2, 2, 2, 2, 2, 2, 2, 2
ch011, 2, 2, 2, 2, 2, 2, 2, 2, 2, 2, 2, 2
ch012, 2, 2, 2, 2, 2, 2, 2, 2, 2, 2, 2, 2
ch013, -5, -5, -5, -5, -5, -5, -5, -5, -5, -5, -5, -5
ch014, x, x, x, x, x, x, x, x, x, x, x, x
ch036, 4, 4, 4, 4, 4, 4, 4, 4, 4, 4, 4, 4
ch038, 4, 4, 4, 4, 4, 4, 4, 4, 4, 4, 4, 4
ch040, 4, 4, 4, 4, 4, 4, 4, 4, 4, 4, 4, 4
ch042, 4, 4, 4, 4, 4, 4, 4, 4, 4, 4, 4, 4
ch044, 4, 4, 4, 4, 4, 4, 4, 4, 4, 4, 4, 4
ch046, 4, 4, 4, 4, 4, 4, 4, 4, 4, 4, 4, 4
ch048, 4, 4, 4, 4, 4, 4, 4, 4, 4, 4, 4, 4
ch050, x, x, x, x, x, x, x, x, x, x, x, x
ch052, 4, 4, 4, 4, 4, 4, 4, 4, 4, 4, 4, 4
ch054, 4, 4, 4, 4, 4, 4, 4, 4, 4, 4, 4, 4
ch056, 4, 4, 4, 4, 4, 4, 4, 4, 4, 4, 4, 4
ch058, 4, 4, 4, 4, 4, 4, 4, 4, 4, 4, 4, 4
ch060, 4, 4, 4, 4, 4, 4, 4, 4, 4, 4, 4, 4
ch062, 4, 4, 4, 4, 4, 4, 4, 4, 4, 4, 4, 4
ch064, 4, 4, 4, 4, 4, 4, 4, 4, 4, 4, 4, 4
ch100, 5, 5, 5, 5, 5, 5, 5, 5, 5, 5, 5, 5
ch102, 5, 5, 5, 5, 5, 5, 5, 5, 5, 5, 5, 5
ch104, 5, 5, 5, 5, 5, 5, 5, 5, 5, 5, 5, 5
ch106, 5, 5, 5, 5, 5, 5, 5, 5, 5, 5, 5, 5
ch108, 5, 5, 5, 5, 5, 5, 5, 5, 5, 5, 5, 5
ch110, 5, 5, 5, 5, 5, 5, 5, 5, 5, 5, 5, 5
ch112, 5, 5, 5, 5, 5, 5, 5, 5, 5, 5, 5, 5
ch114, x, x, x, x, x, x, x, x, x, x, x, x
ch116, 5, 5, 5, 5, 5, 5, 5, 5, 5, 5, 5, 5
ch118, 5, 5, 5, 5, 5, 5, 5, 5, 5, 5, 5, 5
ch120, 5, 5, 5, 5, 5, 5, 5, 5, 5, 5, 5, 5
ch122, 5, 5, 5, 5, 5, 5, 5, 5, 5, 5, 5, 5
ch124, 5, 5, 5, 5, 5, 5, 5, 5, 5, 5, 5, 5
ch126, 5, 5, 5, 5, 5, 5, 5, 5, 5, 5, 5, 5
ch128, 5, 5, 5, 5, 5, 5, 5, 5, 5, 5, 5, 5
ch132, 6, 6, 6, 6, 6, 6, 6, 6, 6, 6, 6, 6
ch134, 6, 6, 6, 6, 6, 6, 6, 6, 6, 6, 6, 6
ch136, 6, 6, 6, 6, 6, 6, 6, 6, 6, 6, 6, 6
ch138, 6, 6, 6, 6, 6, 6, 6, 6, 6, 6, 6, 6
ch140, 6, 6, 6, 6, 6, 6, 6, 6, 6, 6, 6, 6
ch142, 5, 5, 5, 5, 5, 5, 5, 5, 5, 5, 5, 5
ch144, 5, 5, 5, 5, 5, 5, 5, 5, 5, 5, 5, 5
ch149, 4, 4, 4, 4, 4, 4, 4, 4, 4, 4, 4, 4
ch151, 4, 4, 4, 4, 4, 4, 4, 4, 4, 4, 4, 4
ch153, 4, 4, 4, 4, 4, 4, 4, 4, 4, 4, 4, 4
ch155, 4, 4, 4, 4, 4, 4, 4, 4, 4, 4, 4, 4
ch157, 4, 4, 4, 4, 4, 4, 4, 4, 4, 4, 4, 4
ch159, 4, 4, 4, 4, 4, 4, 4, 4, 4, 4, 4, 4
ch161, 4, 4, 4, 4, 4, 4, 4, 4, 4, 4, 4, 4
ch165, 4, 4, 4, 4, 4, 4, 4, 4, 4, 4, 4, 4
</ru52>

<ru106, m0, m1, m2, m3, m4, m5, m6, m7, m8, m9, m10, m11>
ch001, 9, 9, 9, 9, 9, 9, 9, 9, 9, 9, 9, 9
ch002, 9, 9, 9, 9, 9, 9, 9, 9, 9, 9, 9, 9
ch003, 8, 8, 8, 8, 8, 8, 8, 8, 8, 8, 8, 8
ch004, 8, 8, 8, 8, 8, 8, 8, 8, 8, 8, 8, 8
ch005, 8, 8, 8, 8, 8, 8, 8, 8, 8, 8, 8, 8
ch006, 8, 8, 8, 8, 8, 8, 8, 8, 8, 8, 8, 8
ch007, 8, 8, 8, 8, 8, 8, 8, 8, 8, 8, 8, 8
ch008, 8, 8, 8, 8, 8, 8, 8, 8, 8, 8, 8, 8
ch009, 8, 8, 8, 8, 8, 8, 8, 8, 8, 8, 8, 8
ch010, 7, 7, 7, 7, 7, 7, 7, 7, 7, 7, 7, 7
ch011, 7, 7, 7, 7, 7, 7, 7, 7, 7, 7, 7, 7
ch012, 7, 7, 7, 7, 7, 7, 7, 7, 7, 7, 7, 7
ch013, 0, 0, 0, 0, 0, 0, 0, 0, 0, 0, 0, 0
ch014, x, x, x, x, x, x, x, x, x, x, x, x
ch036, 10, 10, 10, 10, 10, 10, 10, 10, 10, 10, 10, 10
ch038, 10, 10, 10, 10, 10, 10, 10, 10, 10, 10, 10, 10
ch040, 10, 10, 10, 10, 10, 10, 10, 10, 10, 10, 10, 10
ch042, 10, 10, 10, 10, 10, 10, 10, 10, 10, 10, 10, 10
ch044, 10, 10, 10, 10, 10, 10, 10, 10, 10, 10, 10, 10
ch046, 10, 10, 10, 10, 10, 10, 10, 10, 10, 10, 10, 10
ch048, 10, 10, 10, 10, 10, 10, 10, 10, 10, 10, 10, 10
ch050, x, x, x, x, x, x, x, x, x, x, x, x
ch052, 9, 9, 9, 9, 9, 9, 9, 9, 9, 9, 9, 9
ch054, 9, 9, 9, 9, 9, 9, 9, 9, 9, 9, 9, 9
ch056, 9, 9, 9, 9, 9, 9, 9, 9, 9, 9, 9, 9
ch058, 9, 9, 9, 9, 9, 9, 9, 9, 9, 9, 9, 9
ch060, 9, 9, 9, 9, 9, 9, 9, 9, 9, 9, 9, 9
ch062, 9, 9, 9, 9, 9, 9, 9, 9, 9, 9, 9, 9
ch064, 9, 9, 9, 9, 9, 9, 9, 9, 9, 9, 9, 9
ch100, 10, 10, 10, 10, 10, 10, 10, 10, 10, 10, 10, 10
ch102, 10, 10, 10, 10, 10, 10, 10, 10, 10, 10, 10, 10
ch104, 10, 10, 10, 10, 10, 10, 10, 10, 10, 10, 10, 10
ch106, 10, 10, 10, 10, 10, 10, 10, 10, 10, 10, 10, 10
ch108, 10, 10, 10, 10, 10, 10, 10, 10, 10, 10, 10, 10
ch110, 10, 10, 10, 10, 10, 10, 10, 10, 10, 10, 10, 10
ch112, 10, 10, 10, 10, 10, 10, 10, 10, 10, 10, 10, 10
ch114, x, x, x, x, x, x, x, x, x, x, x, x
ch116, 10, 10, 10, 10, 10, 10, 10, 10, 10, 10, 10, 10
ch118, 10, 10, 10, 10, 10, 10, 10, 10, 10, 10, 10, 10
ch120, 10, 10, 10, 10, 10, 10, 10, 10, 10, 10, 10, 10
ch122, 10, 10, 10, 10, 10, 10, 10, 10, 10, 10, 10, 10
ch124, 10, 10, 10, 10, 10, 10, 10, 10, 10, 10, 10, 10
ch126, 10, 10, 10, 10, 10, 10, 10, 10, 10, 10, 10, 10
ch128, 10, 10, 10, 10, 10, 10, 10, 10, 10, 10, 10, 10
ch132, 11, 11, 11, 11, 11, 11, 11, 11, 11, 11, 11, 11
ch134, 11, 11, 11, 11, 11, 11, 11, 11, 11, 11, 11, 11
ch136, 11, 11, 11, 11, 11, 11, 11, 11, 11, 11, 11, 11
ch138, 11, 11, 11, 11, 11, 11, 11, 11, 11, 11, 11, 11
ch140, 11, 11, 11, 11, 11, 11, 11, 11, 11, 11, 11, 11
ch142, 9, 9, 9, 9, 9, 9, 9, 9, 9, 9, 9, 9
ch144, 9, 9, 9, 9, 9, 9, 9, 9, 9, 9, 9, 9
ch149, 6, 6, 6, 6, 6, 6, 6, 6, 6, 6, 6, 6
ch151, 6, 6, 6, 6, 6, 6, 6, 6, 6, 6, 6, 6
ch153, 6, 6, 6, 6, 6, 6, 6, 6, 6, 6, 6, 6
ch155, 6, 6, 6, 6, 6, 6, 6, 6, 6, 6, 6, 6
ch157, 6, 6, 6, 6, 6, 6, 6, 6, 6, 6, 6, 6
ch159, 6, 6, 6, 6, 6, 6, 6, 6, 6, 6, 6, 6
ch161, 6, 6, 6, 6, 6, 6, 6, 6, 6, 6, 6, 6
ch165, 6, 6, 6, 6, 6, 6, 6, 6, 6, 6, 6, 6
</ru106>

<ru242, m0, m1, m2, m3, m4, m5, m6, m7, m8, m9, m10, m11>
ch001, 14, 14, 14, 14, 14, 14, 14, 14, 14, 14, 14, 14
ch002, 14, 14, 14, 14, 14, 14, 14, 14, 14, 14, 14, 14
ch003, 14, 14, 14, 14, 14, 14, 14, 14, 14, 14, 14, 14
ch004, 14, 14, 14, 14, 14, 14, 14, 14, 14, 14, 14, 14
ch005, 14, 14, 14, 14, 14, 14, 14, 14, 14, 14, 14, 14
ch006, 14, 14, 14, 14, 14, 14, 14, 14, 14, 14, 14, 14
ch007, 14, 14, 14, 14, 14, 14, 14, 14, 14, 14, 14, 14
ch008, 14, 14, 14, 14, 14, 14, 14, 14, 14, 14, 14, 14
ch009, 14, 14, 14, 14, 14, 14, 14, 14, 14, 14, 14, 14
ch010, 14, 14, 14, 14, 14, 14, 14, 14, 14, 14, 14, 14
ch011, 14, 14, 14, 14, 14, 14, 14, 14, 14, 14, 14, 14
ch012, 14, 14, 14, 14, 14, 14, 14, 14, 14, 14, 14, 14
ch013, 6, 6, 6, 6, 6, 6, 6, 6, 6, 6, 6, 6
ch014, x, x, x, x, x, x, x, x, x, x, x, x
ch036, 16, 16, 16, 16, 16, 16, 16, 16, 16, 16, 16, 16
ch038, 15, 15, 15, 15, 15, 15, 15, 15, 15, 15, 15, 15
ch040, 16, 16, 16, 16, 16, 16, 16, 16, 16, 16, 16, 16
ch042, 15, 15, 15, 15, 15, 15, 15, 15, 15, 15, 15, 15
ch044, 16, 16, 16, 16, 16, 16, 16, 16, 16, 16, 16, 16
ch046, 15, 15, 15, 15, 15, 15, 15, 15, 15, 15, 15, 15
ch048, 16, 16, 16, 16, 16, 16, 16, 16, 16, 16, 16, 16
ch050, x, x, x, x, x, x, x, x, x, x, x, x
ch052, 14, 14, 14, 14, 14, 14, 14, 14, 14, 14, 14, 14
ch054, 8, 8, 8, 8, 8, 8, 8, 8, 8, 8, 8, 8
ch056, 14, 14, 14, 14, 14, 14, 14, 14, 14, 14, 14, 14
ch058, 8, 8, 8, 8, 8, 8, 8, 8, 8, 8, 8, 8
ch060, 14, 14, 14, 14, 14, 14, 14, 14, 14, 14, 14, 14
ch062, 8, 8, 8, 8, 8, 8, 8, 8, 8, 8, 8, 8
ch064, 14, 14, 14, 14, 14, 14, 14, 14, 14, 14, 14, 14
ch100, 15, 15, 15, 15, 15, 15, 15, 15, 15, 15, 15, 15
ch102, 13, 13, 13, 13, 13, 13, 13, 13, 13, 13, 13, 13
ch104, 15, 15, 15, 15, 15, 15, 15, 15, 15, 15, 15, 15
ch106, 13, 13, 13, 13, 13, 13, 13, 13, 13, 13, 13, 13
ch108, 15, 15, 15, 15, 15, 15, 15, 15, 15, 15, 15, 15
ch110, 13, 13, 13, 13, 13, 13, 13, 13, 13, 13, 13, 13
ch112, 15, 15, 15, 15, 15, 15, 15, 15, 15, 15, 15, 15
ch114, x, x, x, x, x, x, x, x, x, x, x, x
ch116, 15, 15, 15, 15, 15, 15, 15, 15, 15, 15, 15, 15
ch118, 13, 13, 13, 13, 13, 13, 13, 13, 13, 13, 13, 13
ch120, 15, 15, 15, 15, 15, 15, 15, 15, 15, 15, 15, 15
ch122, 14, 14, 14, 14, 14, 14, 14, 14, 14, 14, 14, 14
ch124, 15, 15, 15, 15, 15, 15, 15, 15, 15, 15, 15, 15
ch126, 14, 14, 14, 14, 14, 14, 14, 14, 14, 14, 14, 14
ch128, 15, 15, 15, 15, 15, 15, 15, 15, 15, 15, 15, 15
ch132, 16, 16, 16, 16, 16, 16, 16, 16, 16, 16, 16, 16
ch134, 14, 14, 14, 14, 14, 14, 14, 14, 14, 14, 14, 14
ch136, 16, 16, 16, 16, 16, 16, 16, 16, 16, 16, 16, 16
ch138, 14, 14, 14, 14, 14, 14, 14, 14, 14, 14, 14, 14
ch140, 16, 16, 16, 16, 16, 16, 16, 16, 16, 16, 16, 16
ch142, 12, 12, 12, 12, 12, 12, 12, 12, 12, 12, 12, 12
ch144, 13, 13, 13, 13, 13, 13, 13, 13, 13, 13, 13, 13
ch149, 6, 6, 6, 6, 6, 6, 6, 6, 6, 6, 6, 6
ch151, 5, 5, 5, 5, 5, 5, 5, 5, 5, 5, 5, 5
ch153, 6, 6, 6, 6, 6, 6, 6, 6, 6, 6, 6, 6
ch155, 5, 5, 5, 5, 5, 5, 5, 5, 5, 5, 5, 5
ch157, 5, 5, 5, 5, 5, 5, 5, 5, 5, 5, 5, 5
ch159, 6, 6, 6, 6, 6, 6, 6, 6, 6, 6, 6, 6
ch161, 6, 6, 6, 6, 6, 6, 6, 6, 6, 6, 6, 6
ch165, 6, 6, 6, 6, 6, 6, 6, 6, 6, 6, 6, 6
</ru242>

<ru484, m0, m1, m2, m3, m4, m5, m6, m7, m8, m9, m10, m11>
ch038, 20, 20, 20, 20, 20, 20, 20, 20, 20, 20, 20, 20
ch042, 18, 18, 18, 18, 18, 18, 18, 18, 18, 18, 18, 18
ch046, 20, 20, 20, 20, 20, 20, 20, 20, 20, 20, 20, 20
ch050, x, x, x, x, x, x, x, x, x, x, x, x
ch054, 12, 12, 12, 12, 12, 12, 12, 12, 12, 12, 12, 12
ch058, 9, 9, 9, 9, 9, 9, 9, 9, 9, 9, 9, 9
ch062, 12, 12, 12, 12, 12, 12, 12, 12, 12, 12, 12, 12
ch102, 17, 17, 17, 17, 17, 17, 17, 17, 17, 17, 17, 17
ch106, 14, 14, 14, 14, 14, 14, 14, 14, 14, 14, 14, 14
ch110, 17, 17, 17, 17, 17, 17, 17, 17, 17, 17, 17, 17
ch114, x, x, x, x, x, x, x, x, x, x, x, x
ch118, 17, 17, 17, 17, 17, 17, 17, 17, 17, 17, 17, 17
ch122, 13, 13, 13, 13, 13, 13, 13, 13, 13, 13, 13, 13
ch126, 17, 17, 17, 17, 17, 17, 17, 17, 17, 17, 17, 17
ch134, 17, 17, 17, 17, 17, 17, 17, 17, 17, 17, 17, 17
ch138, 14, 14, 14, 14, 14, 14, 14, 14, 14, 14, 14, 14
ch142, 17, 17, 17, 17, 17, 17, 17, 17, 17, 17, 17, 17
ch151, 5, 5, 5, 5, 5, 5, 5, 5, 5, 5, 5, 5
ch155, 6, 6, 6, 6, 6, 6, 6, 6, 6, 6, 6, 6
ch159, 5, 5, 5, 5, 5, 5, 5, 5, 5, 5, 5, 5
</ru484>

<ru996, m0, m1, m2, m3, m4, m5, m6, m7, m8, m9, m10, m11>
ch042, 21, 21, 21, 21, 21, 21, 21, 21, 21, 21, 21, 21
ch050, x, x, x, x, x, x, x, x, x, x, x, x
ch058, 13, 13, 13, 13, 13, 13, 13, 13, 13, 13, 13, 13
ch106, 17, 17, 17, 17, 17, 17, 17, 17, 17, 17, 17, 17
ch114, x, x, x, x, x, x, x, x, x, x, x, x
ch122, 16, 16, 16, 16, 16, 16, 16, 16, 16, 16, 16, 16
ch138, 17, 17, 17, 17, 17, 17, 17, 17, 17, 17, 17, 17
ch155, 5, 5, 5, 5, 5, 5, 5, 5, 5, 5, 5, 5
</ru996>
